<?xml version="1.0" encoding="UTF-8"?>
<WMS_Capabilities xmlns:srv="http://schemas.opengis.net/iso/19139/20060504/srv/srv.xsd" xmlns:gmd="http://schemas.opengis.net/iso/19139/20060504/gmd/gmd.xsd" xmlns:gco="http://schemas.opengis.net/iso/19139/20060504/gco/gco.xsd" xmlns:inspire_vs="http://inspire.ec.europa.eu/schemas/inspire_vs/1.0" xmlns:gml="http://schemas.opengis.net/gml" xmlns:inspire_common="http://inspire.ec.europa.eu/schemas/common/1.0" version="1.3.0" updateSequence="3203" xmlns="http://www.opengis.net/wms" xmlns:xlink="http://www.w3.org/1999/xlink" xmlns:xsi="http://www.w3.org/2001/XMLSchema-instance" xsi:schemaLocation="http://www.opengis.net/wms http://inspire.ec.europa.eu/schemas/inspire_vs/1.0">
  <Service>
    <Name>WMS</Name>
    <Title>Redes de transporte de España</Title>
    <Abstract>Red e Infraestructuras del Transporte del Sistema Cartográfico Nacional (www.scne.es). La Red de Transporte es una red lineal 3D de cobertura nacional definida y publicada en conformidad con la Directiva INSPIRE. Se compone de cinco modos de transporte: red viaria (que incluye la red de carreteras, red urbana y los caminos), red de transporte por raíl, red de transporte por vías navegables, red de transporte aéreo y red de transporte por cable, además de sus respectivas conexiones intermodales e infraestructuras asociadas. La red de cobertura nacional fue generada por el IGN a partir los datos de esta temática existentes en sus productos y su contraste con terceras fuentes, y tras la incorporación de la producción de datos realizada por el Instituto Cartográfico de Valencia (ICV) en el ámbito de la Comunidad Valenciana. La actualización de la cobertura nacional de la red se realiza a partir de fuentes de datos procedentes de la Administración General del Estado y de Comunidades Autónomas, y, en particular, por la integración de la actualización realizada el ICV en la C. Valenciana y por el Eusko Jaurlaritza/Gobierno Vasco en el País Vasco. Sus denominaciones son conformes con la Directiva Inspire 2007/2/EC así como su estilo. Además tienen asociado un estilo de visualización definido por el IGN. Servicio de visualización WMS 1.3.0 conforme al perfil Inspire de ISO 19128:2005.</Abstract>
    <KeywordList>
      <Keyword vocabulary="ISO 19119 geographic services taxonomy, version 2.3">infoMapAccessService</Keyword>
	  <Keyword vocabulary="GEMET - INSPIRE themes, version 1.0">Redes de Transporte</Keyword>
	  <Keyword>IGR</Keyword>
	  <Keyword>Carretera</Keyword>
	  <Keyword>Ferrocarril</Keyword>
	  <Keyword>Estación</Keyword>
	  <Keyword>Aeródromo</Keyword>
	  <Keyword>Plataforma</Keyword>
	  <Keyword>Calle de rodaje</Keyword>
	  <Keyword>Pista</Keyword>
	  <Keyword>Infraestructura de Datos Espaciales</Keyword>
	  <Keyword>IDEE</Keyword>
	  <Keyword>SCNE</Keyword>
	  <Keyword>Sistema Cartográfico Nacional</Keyword>
	  <Keyword>Información Geográfica de Referencia</Keyword>
    </KeywordList>
    <OnlineResource xlink:type="simple" xlink:href="https://www.ign.es"/>
    <ContactInformation>
      <ContactPersonPrimary>
        <ContactPerson/>
        <ContactOrganization>Infraestructura de Datos Espaciales de España</ContactOrganization>
      </ContactPersonPrimary>
      <ContactPosition>Punto de contacto</ContactPosition>
      <ContactAddress>
        <AddressType>Postal</AddressType>
        <Address>C/ General Ibáñez de Ibero, 3</Address>
        <City>Madrid</City>
        <StateOrProvince>Madrid</StateOrProvince>
        <PostCode>28003</PostCode>
        <Country>España</Country>
      </ContactAddress>
      <ContactVoiceTelephone>+34 91 597 96 46</ContactVoiceTelephone>
      <ContactFacsimileTelephone>+34 91 597 97 64</ContactFacsimileTelephone>
      <ContactElectronicMailAddress>ign@fomento.es</ContactElectronicMailAddress>
    </ContactInformation>
    <Fees>No se aplican condiciones</Fees>
    <AccessConstraints>CC BY 4.0 scne.es</AccessConstraints>
	<MaxWidth>4096</MaxWidth>
	<MaxHeight>4096</MaxHeight>
  </Service>
  <Capability>
    <Request>
      <GetCapabilities>
        <Format>text/xml</Format>
        <DCPType>
          <HTTP>
            <Get>
              <OnlineResource xlink:type="simple" xlink:href="https://servicios.idee.es/wms-inspire/transportes?SERVICE=WMS&amp;"/>
            </Get>
            <Post>
              <OnlineResource xlink:type="simple" xlink:href="https://servicios.idee.es/wms-inspire/transportes?SERVICE=WMS&amp;"/>
            </Post>
          </HTTP>
        </DCPType>
      </GetCapabilities>
      <GetMap>
        <Format>image/png</Format>
        <Format>application/pdf</Format>
        <Format>image/geotiff</Format>
        <Format>image/geotiff8</Format>
        <Format>image/gif</Format>
        <Format>image/jpeg</Format>
        <Format>image/png; mode=8bit</Format>
        <Format>image/svg+xml</Format>
        <Format>image/tiff</Format>
        <Format>image/tiff8</Format>
        <DCPType>
          <HTTP>
            <Get>
              <OnlineResource xlink:type="simple" xlink:href="https://servicios.idee.es/wms-inspire/transportes?SERVICE=WMS&amp;"/>
            </Get>
          </HTTP>
        </DCPType>
      </GetMap>
      <GetFeatureInfo>
        <Format>text/plain</Format>
	    <Format>application/vnd.ogc.gml</Format>
	    <Format>text/xml</Format>
	    <Format>application/vnd.ogc.gml/3.1.1</Format>
	    <Format>text/xml; subtype=gml/3.1.1</Format>
	    <Format>text/html</Format>
	    <Format>application/json</Format>
        <DCPType>
          <HTTP>
            <Get>
              <OnlineResource xlink:type="simple" xlink:href="https://servicios.idee.es/wms-inspire/transportes?SERVICE=WMS&amp;"/>
            </Get>
          </HTTP>
        </DCPType>
      </GetFeatureInfo>
    </Request>
    <Exception>
      <Format>XML</Format>
    </Exception>
    <inspire_vs:ExtendedCapabilities>
      <inspire_common:MetadataUrl xsi:type="inspire_common:resourceLocatorType">
        <inspire_common:URL>https://www.ign.es/csw-inspire/srv/spa/csw?SERVICE=CSW&amp;VERSION=2.0.2&amp;REQUEST=GetRecordById&amp;outputSchema=http://www.isotc211.org/2005/gmd&amp;ElementSetName=full&amp;ID=spaignwms_igr_transporte</inspire_common:URL>
        <inspire_common:MediaType>application/vnd.ogc.csw.GetRecordByIdResponse_xml</inspire_common:MediaType>
      </inspire_common:MetadataUrl>
      <inspire_common:SupportedLanguages xsi:type="inspire_common:supportedLanguagesType">
        <inspire_common:DefaultLanguage>
          <inspire_common:Language>spa</inspire_common:Language>
        </inspire_common:DefaultLanguage>
      </inspire_common:SupportedLanguages>
      <inspire_common:ResponseLanguage>
        <inspire_common:Language>spa</inspire_common:Language>
      </inspire_common:ResponseLanguage>
    </inspire_vs:ExtendedCapabilities>
    <Layer>
      <Title>WMS de Redes de transporte</Title>
      <Abstract>Red de transporte tridimensional multimodal compuesta por las redes viaria, por rail, por vías navegables y aérea. Incluye la estructura de red de los modos de transporte por carretera y por ferrocarril y las infraestructuras asociadas a las mismas.</Abstract>
      <!--Limited list of EPSG projections:-->
      <CRS>EPSG:25828</CRS>
      <CRS>EPSG:25829</CRS>
      <CRS>EPSG:25830</CRS>
      <CRS>EPSG:25831</CRS>
      <CRS>EPSG:32628</CRS>
      <CRS>EPSG:32629</CRS>
      <CRS>EPSG:32630</CRS>
      <CRS>EPSG:32631</CRS>
      <CRS>EPSG:3857</CRS>
      <CRS>EPSG:4258</CRS>
      <CRS>EPSG:4326</CRS>
      <CRS>CRS:84</CRS>
      <CRS>EPSG:3035</CRS>
      <EX_GeographicBoundingBox>
			<westBoundLongitude>-19.0</westBoundLongitude>
			<eastBoundLongitude>5.0</eastBoundLongitude>
			<southBoundLatitude>27.0</southBoundLatitude>
			<northBoundLatitude>44.0</northBoundLatitude>
		</EX_GeographicBoundingBox>
		<BoundingBox CRS="CRS:84" minx="-19.0" miny="26.99999999923616" maxx="5.0" maxy="43.99999999905729"/>
		<BoundingBox CRS="EPSG:4258" minx="27.0" miny="-19.0" maxx="44.0" maxy="5.0"/>
		<BoundingBox CRS="EPSG:4326" minx="27.000000021351063" miny="-19.000000000000007" maxx="44.000000040852704" maxy="5.0"/>
		<BoundingBox CRS="EPSG:4230" minx="27.0" miny="-19.0" maxx="44.001090913047165" maxy="5.0"/>
		<BoundingBox CRS="EPSG:25828" minx="102948.3712066114" miny="2986435.2424698113" maxx="2508202.7078731647" maxy="5070480.910834041"/>
		<BoundingBox CRS="EPSG:25829" minx="-495135.75545797264" miny="2988008.1382796224" maxx="1897204.2192799984" maxy="4968139.496861154"/>
		<BoundingBox CRS="EPSG:25830" minx="-1099673.713805158" miny="2986435.2424698113" maxx="1295248.9457888722" maxy="4998012.35979611"/>
		<BoundingBox CRS="EPSG:25831" minx="-1714549.1480732663" miny="2988008.1382796224" maxx="698454.2342175536" maxy="5113259.329733409"/>
		<BoundingBox CRS="EPSG:32628" minx="102948.37128314428" miny="2986435.244922726" maxx="2508202.7074604286" maxy="5070480.915489917"/>
		<BoundingBox CRS="EPSG:32629" minx="-495135.75526346336" miny="2988008.140733385" maxx="1897204.2190024962" maxy="4968139.50151943"/>
		<BoundingBox CRS="EPSG:32630" minx="-1099673.713484239" miny="2986435.244922726" maxx="1295248.94563436" maxy="4998012.364454182"/>
		<BoundingBox CRS="EPSG:32631" minx="-1714549.1476116255" miny="2988008.140733385" maxx="698454.2341793771" maxy="5113259.334386855"/>
		<BoundingBox CRS="EPSG:3857" minx="-2115070.3250721986" miny="3123471.7517721104" maxx="556597.4539663679" maxy="5465442.189644802"/>
		 <BoundingBox CRS="EPSG:3035" minx="471468.5017937361" miny="1445891.6963879904" maxx="2768821.4534321986" maxy="3919390.1873301356"/>
        <Layer queryable="1">
          <Name>TN.RailTransportNetwork.RailwayLink</Name>
          <Title>Enlace ferroviario</Title>
          <Abstract>Objeto espacial lineal que describe la geometría y la conectividad de una red ferroviaria entre dos puntos de la red. Reglamento (UE)Nº 1089/2010</Abstract>
		<KeywordList>
            <Keyword>Alta velocidad</Keyword>
            <Keyword>Tren</Keyword>
        </KeywordList>
      <CRS>EPSG:25828</CRS>
      <CRS>EPSG:25829</CRS>
      <CRS>EPSG:25830</CRS>
      <CRS>EPSG:25831</CRS>
      <CRS>EPSG:32628</CRS>
      <CRS>EPSG:32629</CRS>
      <CRS>EPSG:32630</CRS>
      <CRS>EPSG:32631</CRS>
      <CRS>EPSG:3857</CRS>
      <CRS>EPSG:4258</CRS>
      <CRS>EPSG:4326</CRS>
      <CRS>CRS:84</CRS>
      <CRS>EPSG:3035</CRS>
          <EX_GeographicBoundingBox>
            <westBoundLongitude>-19.0</westBoundLongitude>
            <eastBoundLongitude>5.0</eastBoundLongitude>
            <southBoundLatitude>27.0</southBoundLatitude>
            <northBoundLatitude>44.0</northBoundLatitude>
          </EX_GeographicBoundingBox>
        <BoundingBox CRS="CRS:84" minx="-19.0" miny="27.0" maxx="5.0" maxy="44.0"/>
		 <BoundingBox CRS="EPSG:4258" minx="27.0" miny="-19.0" maxx="44.0" maxy="5.0"/>
		 <BoundingBox CRS="EPSG:4326" minx="27.000000021351063" miny="-19.000000000000007" maxx="44.000000040852704" maxy="5.0"/>
		 <BoundingBox CRS="EPSG:3857" minx="-2115070.3250721986" miny="3123471.7517721104" maxx="556597.4539663679" maxy="5465442.189644802"/>
		 <BoundingBox CRS="EPSG:3035" minx="471468.5017937361" miny="1445891.6963879904" maxx="2768821.4534321986" maxy="3919390.1873301356"/>
		 <BoundingBox CRS="EPSG:25828" minx="102948.3712066114" miny="2986435.2424698113" maxx="2508202.7078731647" maxy="5070480.910834041"/>
		 <BoundingBox CRS="EPSG:25829" minx="-495135.75545797264" miny="2988008.1382796224" maxx="1897204.2192799984" maxy="4968139.496861154"/>
		 <BoundingBox CRS="EPSG:25830" minx="-1099673.713805158" miny="2986435.2424698113" maxx="1295248.9457888722" maxy="4998012.35979611"/>
		 <BoundingBox CRS="EPSG:25831" minx="-1714549.1480732663" miny="2988008.1382796224" maxx="698454.2342175536" maxy="5113259.329733409"/>		 
		 <BoundingBox CRS="EPSG:32628" minx="102948.37128314428" miny="2986435.244922726" maxx="2508202.7074604286" maxy="5070480.915489917"/>
		 <BoundingBox CRS="EPSG:32629" minx="-495135.75526346336" miny="2988008.140733385" maxx="1897204.2190024962" maxy="4968139.50151943"/>
		 <BoundingBox CRS="EPSG:32630" minx="-1099673.713484239" miny="2986435.244922726" maxx="1295248.94563436" maxy="4998012.364454182"/>
		 <BoundingBox CRS="EPSG:32631" minx="-1714549.1476116255" miny="2988008.140733385" maxx="698454.2341793771" maxy="5113259.334386855"/>	
          <Attribution>
            <Title>Sistema Cartográfico Nacional</Title>
            <OnlineResource xmlns:xlink="http://www.w3.org/1999/xlink" xlink:type="simple" xlink:href="http://www.scne.es"/>
          </Attribution>
          <AuthorityURL name="SCNE">
            <OnlineResource xlink:type="simple" xlink:href="http://www.scne.es"/>
          </AuthorityURL>
          <Identifier authority="SCNE">TN_RailTransportNetwork_RailwayLink</Identifier>
         <MetadataURL type="ISO19115:2003">
            <Format>text/plain</Format>
            <OnlineResource xlink:type="simple" xlink:href="https://www.ign.es/csw-inspire/srv/spa/csw?SERVICE=CSW&amp;VERSION=2.0.2&amp;REQUEST=GetRecordById&amp;outputSchema=http://www.isotc211.org/2005/gmd&amp;ElementSetName=full&amp;ID=spaign_IGR_Transporte"/>
         </MetadataURL>
        <Style>
          <Name>ferrocarriles</Name>
          <Title>IGN: Estilo ferrocarril</Title>
          <Abstract>El ferrocarril se representa a través de una línea atravesada por sucesivas líneas perpendiculares</Abstract>
          <LegendURL width="281" height="61">
            <Format>image/png</Format>
            <OnlineResource xmlns:xlink="http://www.w3.org/1999/xlink" xlink:type="simple" xlink:href="https://servicios.idee.es/wms-inspire/transportes/leyendas/ferrocarriles.png"/>
          </LegendURL>
        </Style>
        <Style>
          <Name>TN.RailTransportNetwork.RailwayLink.Default</Name>
          <Title>Estilo por defecto Inspire</Title>
          <Abstract>La geometría se representa con una línea sólida negra (#000000) con un ancho de 3 píxeles. Los extremos están redondeados y tienen un remate negro (#000000) de 2 píxeles.</Abstract>
          <LegendURL width="20" height="20">
            <Format>image/png</Format>
            <OnlineResource xmlns:xlink="http://www.w3.org/1999/xlink" xlink:type="simple" xlink:href="https://servicios.idee.es/wms-inspire/transportes/leyendas/TN.RailTransportNetwork.RailwayLink.Default.png"/>
          </LegendURL>
        </Style>
		  <MaxScaleDenominator>40000000</MaxScaleDenominator>
        </Layer>
        <Layer queryable="1">
          <Name>TN.RoadTransportNetwork.RoadLink</Name>
          <Title>Enlace de carretera</Title>
          <Abstract>Objeto espacial lineal que describe la geometría y la conectividad de una red viaria entre dos puntos de la red. Un enlace de carretera puede representar caminos, pistas para bicicletas, carreteras de calzada única, carreteras de calzada múltiple e incluso trayectorias ficticias a través de intersecciones. Tipos de carreteras: autovía, autopista, carretera nacional, carretera autonómica de primer, segundo y tercer orden y caminos. Reglamento (UE)Nº 1089/2010.</Abstract>
		<KeywordList>
            <Keyword>Red de carreteras</Keyword>
            <Keyword>Carretera convencional</Keyword>
            <Keyword>Peaje</Keyword>
			<Keyword>Red de Transporte</Keyword>
			<Keyword>Camino</Keyword>
        </KeywordList>
      <CRS>EPSG:25828</CRS>
      <CRS>EPSG:25829</CRS>
      <CRS>EPSG:25830</CRS>
      <CRS>EPSG:25831</CRS>
      <CRS>EPSG:32628</CRS>
      <CRS>EPSG:32629</CRS>
      <CRS>EPSG:32630</CRS>
      <CRS>EPSG:32631</CRS>
      <CRS>EPSG:3857</CRS>
      <CRS>EPSG:4258</CRS>
      <CRS>EPSG:4326</CRS>
      <CRS>CRS:84</CRS>
      <CRS>EPSG:3035</CRS>
          <EX_GeographicBoundingBox>
            <westBoundLongitude>-19.0</westBoundLongitude>
            <eastBoundLongitude>5.0</eastBoundLongitude>
            <southBoundLatitude>27.0</southBoundLatitude>
            <northBoundLatitude>44.0</northBoundLatitude>
          </EX_GeographicBoundingBox>
        <BoundingBox CRS="CRS:84" minx="-19.0" miny="27.0" maxx="5.0" maxy="44.0"/>
		 <BoundingBox CRS="EPSG:4258" minx="27.0" miny="-19.0" maxx="44.0" maxy="5.0"/>
		 <BoundingBox CRS="EPSG:4326" minx="27.000000021351063" miny="-19.000000000000007" maxx="44.000000040852704" maxy="5.0"/>
		 <BoundingBox CRS="EPSG:3857" minx="-2115070.3250721986" miny="3123471.7517721104" maxx="556597.4539663679" maxy="5465442.189644802"/>
		 <BoundingBox CRS="EPSG:3035" minx="471468.5017937361" miny="1445891.6963879904" maxx="2768821.4534321986" maxy="3919390.1873301356"/>
		 <BoundingBox CRS="EPSG:25828" minx="102948.3712066114" miny="2986435.2424698113" maxx="2508202.7078731647" maxy="5070480.910834041"/>
		 <BoundingBox CRS="EPSG:25829" minx="-495135.75545797264" miny="2988008.1382796224" maxx="1897204.2192799984" maxy="4968139.496861154"/>
		 <BoundingBox CRS="EPSG:25830" minx="-1099673.713805158" miny="2986435.2424698113" maxx="1295248.9457888722" maxy="4998012.35979611"/>
		 <BoundingBox CRS="EPSG:25831" minx="-1714549.1480732663" miny="2988008.1382796224" maxx="698454.2342175536" maxy="5113259.329733409"/>		 
		 <BoundingBox CRS="EPSG:32628" minx="102948.37128314428" miny="2986435.244922726" maxx="2508202.7074604286" maxy="5070480.915489917"/>
		 <BoundingBox CRS="EPSG:32629" minx="-495135.75526346336" miny="2988008.140733385" maxx="1897204.2190024962" maxy="4968139.50151943"/>
		 <BoundingBox CRS="EPSG:32630" minx="-1099673.713484239" miny="2986435.244922726" maxx="1295248.94563436" maxy="4998012.364454182"/>
		 <BoundingBox CRS="EPSG:32631" minx="-1714549.1476116255" miny="2988008.140733385" maxx="698454.2341793771" maxy="5113259.334386855"/>	
           <Attribution>
            <Title>Sistema Cartográfico Nacional</Title>
            <OnlineResource xmlns:xlink="http://www.w3.org/1999/xlink" xlink:type="simple" xlink:href="http://www.scne.es"/>
          </Attribution>
          <AuthorityURL name="SCNE">
            <OnlineResource xlink:type="simple" xlink:href="http://www.scne.es"/>
          </AuthorityURL>
          <Identifier authority="SCNE">TN_RoadTransportNetwork_RoadLink</Identifier>
         <MetadataURL type="ISO19115:2003">
            <Format>text/plain</Format>
            <OnlineResource xlink:type="simple" xlink:href="https://www.ign.es/csw-inspire/srv/spa/csw?SERVICE=CSW&amp;VERSION=2.0.2&amp;REQUEST=GetRecordById&amp;outputSchema=http://www.isotc211.org/2005/gmd&amp;ElementSetName=full&amp;ID=spaign_IGR_Transporte"/>
         </MetadataURL>
		  <Style>
			<Name>carreteras</Name>
			<Title>IGN: Estilo de carreteras </Title>
			<Abstract>Cada tipo de carretera se representa con un estilo diferente pudiendo distinguir los tramos subterráneos y elevados de los que discurren en superficie.</Abstract>
			<LegendURL width="253" height="194">
				<Format>image/png</Format>
				<OnlineResource xlink:type="simple" xlink:href="https://servicios.idee.es/wms-inspire/transportes/leyendas/carreteras.png"/>
			</LegendURL>
		  </Style>
		  <Style>
			<Name>TN.RoadTransportNetwork.RoadLink.Default</Name>
			<Title>Estilo por defecto Inspire de Enlace de carretera</Title>
			<Abstract>La geometría se representa con una línea sólida verde (#008000) con un ancho de 3 píxeles. Los extremos están redondeados y tienen un remate negro (#000000) de 2 píxeles.</Abstract>
			<LegendURL width="20" height="20">
				<Format>image/png</Format>
				<OnlineResource xlink:type="simple" xlink:href="https://servicios.idee.es/wms-inspire/transportes/leyendas/TN.RoadTransportNetwork.RoadLink.Default.png"/>
			</LegendURL>
		  </Style>
		  <MaxScaleDenominator>40000000</MaxScaleDenominator>
        </Layer>
		<Layer queryable="1">
          <Name>TN.AirTransportNetwork.RunwayArea</Name>
          <Title>Área de pista</Title>
          <Abstract>Área rectangular definida en un aeródromo/helipuerto terrestre preparada para el aterrizaje y el despegue de aeronaves. Reglamento (UE)Nº 1089/2010.</Abstract>
		<KeywordList>
            <Keyword>Red de Transporte</Keyword>
            <Keyword>Pista</Keyword>
        </KeywordList>
      <CRS>EPSG:25828</CRS>
      <CRS>EPSG:25829</CRS>
      <CRS>EPSG:25830</CRS>
      <CRS>EPSG:25831</CRS>
      <CRS>EPSG:32628</CRS>
      <CRS>EPSG:32629</CRS>
      <CRS>EPSG:32630</CRS>
      <CRS>EPSG:32631</CRS>
      <CRS>EPSG:3857</CRS>
      <CRS>EPSG:4258</CRS>
      <CRS>EPSG:4326</CRS>
      <CRS>CRS:84</CRS>
      <CRS>EPSG:3035</CRS>
          <EX_GeographicBoundingBox>
            <westBoundLongitude>-19.0</westBoundLongitude>
            <eastBoundLongitude>5.0</eastBoundLongitude>
            <southBoundLatitude>27.0</southBoundLatitude>
            <northBoundLatitude>44.0</northBoundLatitude>
          </EX_GeographicBoundingBox>
        <BoundingBox CRS="CRS:84" minx="-19.0" miny="27.0" maxx="5.0" maxy="44.0"/>
		 <BoundingBox CRS="EPSG:4258" minx="27.0" miny="-19.0" maxx="44.0" maxy="5.0"/>
		 <BoundingBox CRS="EPSG:4326" minx="27.000000021351063" miny="-19.000000000000007" maxx="44.000000040852704" maxy="5.0"/>
		 <BoundingBox CRS="EPSG:3857" minx="-2115070.3250721986" miny="3123471.7517721104" maxx="556597.4539663679" maxy="5465442.189644802"/>
		 <BoundingBox CRS="EPSG:3035" minx="471468.5017937361" miny="1445891.6963879904" maxx="2768821.4534321986" maxy="3919390.1873301356"/>
		 <BoundingBox CRS="EPSG:25828" minx="102948.3712066114" miny="2986435.2424698113" maxx="2508202.7078731647" maxy="5070480.910834041"/>
		 <BoundingBox CRS="EPSG:25829" minx="-495135.75545797264" miny="2988008.1382796224" maxx="1897204.2192799984" maxy="4968139.496861154"/>
		 <BoundingBox CRS="EPSG:25830" minx="-1099673.713805158" miny="2986435.2424698113" maxx="1295248.9457888722" maxy="4998012.35979611"/>
		 <BoundingBox CRS="EPSG:25831" minx="-1714549.1480732663" miny="2988008.1382796224" maxx="698454.2342175536" maxy="5113259.329733409"/>		 
		 <BoundingBox CRS="EPSG:32628" minx="102948.37128314428" miny="2986435.244922726" maxx="2508202.7074604286" maxy="5070480.915489917"/>
		 <BoundingBox CRS="EPSG:32629" minx="-495135.75526346336" miny="2988008.140733385" maxx="1897204.2190024962" maxy="4968139.50151943"/>
		 <BoundingBox CRS="EPSG:32630" minx="-1099673.713484239" miny="2986435.244922726" maxx="1295248.94563436" maxy="4998012.364454182"/>
		 <BoundingBox CRS="EPSG:32631" minx="-1714549.1476116255" miny="2988008.140733385" maxx="698454.2341793771" maxy="5113259.334386855"/>	
           <Attribution>
            <Title>Sistema Cartográfico Nacional</Title>
            <OnlineResource xmlns:xlink="http://www.w3.org/1999/xlink" xlink:type="simple" xlink:href="http://www.scne.es"/>
          </Attribution>
          <AuthorityURL name="SCNE">
            <OnlineResource xlink:type="simple" xlink:href="http://www.scne.es"/>
          </AuthorityURL>
          <Identifier authority="SCNE">TN_AirTransportNetwork_RunwayArea</Identifier>
         <MetadataURL type="ISO19115:2003">
            <Format>text/plain</Format>
            <OnlineResource xlink:type="simple" xlink:href="https://www.ign.es/csw-inspire/srv/spa/csw?SERVICE=CSW&amp;VERSION=2.0.2&amp;REQUEST=GetRecordById&amp;outputSchema=http://www.isotc211.org/2005/gmd&amp;ElementSetName=full&amp;ID=spaign_IGR_Transporte"/>
         </MetadataURL>
		  <Style>
			<Name>pistas</Name>
			<Title>IGN: Estilo de pistas</Title>
			<Abstract>Las pistas se representan con un relleno sólido gris (#F0F0F0) y un borde gris (#CCCCCC) con un ancho de 0.3 píxeles.</Abstract>
			<LegendURL width="20" height="20">
				<Format>image/png</Format>
				<OnlineResource xlink:type="simple" xlink:href="https://servicios.idee.es/wms-inspire/transportes/leyendas/pistas.png"/>
			</LegendURL>
		  </Style>
		  <Style>
			<Name>TN.AirTransportNetwork.RunwayArea.Default</Name>
			<Title>Estilo por defecto Inspire de Área de Pista</Title>
			<Abstract>Las áreas de pista se representan con un relleno de color blanco (#FFFFFF) y una línea sólida azul (#0000CD) con un ancho de 2 píxeles.</Abstract>
			<LegendURL width="20" height="20">
				<Format>image/png</Format>
				<OnlineResource xlink:type="simple" xlink:href="https://servicios.idee.es/wms-inspire/transportes/leyendas/TN.AirTransportNetwork.RunwayArea.Default.png"/>
			</LegendURL>
		  </Style>
        </Layer>
		<Layer queryable="1">
          <Name>TN.AirTransportNetwork.TaxiwayArea</Name>
          <Title>Área de calle de rodaje</Title>
          <Abstract>Vía definida en un aeródromo/helipuerto, establecida para el rodaje de aeronaves/helicópteros y destinada a proporcionar enlace entre dos partes del aeródromo. Reglamento (UE)Nº 1089/2010.</Abstract>
		<KeywordList>
            <Keyword>Red de Transporte</Keyword>
            <Keyword>Calle de rodaje</Keyword>
        </KeywordList>
      <CRS>EPSG:25828</CRS>
      <CRS>EPSG:25829</CRS>
      <CRS>EPSG:25830</CRS>
      <CRS>EPSG:25831</CRS>
      <CRS>EPSG:32628</CRS>
      <CRS>EPSG:32629</CRS>
      <CRS>EPSG:32630</CRS>
      <CRS>EPSG:32631</CRS>
      <CRS>EPSG:3857</CRS>
      <CRS>EPSG:4258</CRS>
      <CRS>EPSG:4326</CRS>
      <CRS>CRS:84</CRS>
      <CRS>EPSG:3035</CRS>
          <EX_GeographicBoundingBox>
            <westBoundLongitude>-19.0</westBoundLongitude>
            <eastBoundLongitude>5.0</eastBoundLongitude>
            <southBoundLatitude>27.0</southBoundLatitude>
            <northBoundLatitude>44.0</northBoundLatitude>
          </EX_GeographicBoundingBox>
        <BoundingBox CRS="CRS:84" minx="-19.0" miny="27.0" maxx="5.0" maxy="44.0"/>
		 <BoundingBox CRS="EPSG:4258" minx="27.0" miny="-19.0" maxx="44.0" maxy="5.0"/>
		 <BoundingBox CRS="EPSG:4326" minx="27.000000021351063" miny="-19.000000000000007" maxx="44.000000040852704" maxy="5.0"/>
		 <BoundingBox CRS="EPSG:3857" minx="-2115070.3250721986" miny="3123471.7517721104" maxx="556597.4539663679" maxy="5465442.189644802"/>
		 <BoundingBox CRS="EPSG:3035" minx="471468.5017937361" miny="1445891.6963879904" maxx="2768821.4534321986" maxy="3919390.1873301356"/>
		 <BoundingBox CRS="EPSG:25828" minx="102948.3712066114" miny="2986435.2424698113" maxx="2508202.7078731647" maxy="5070480.910834041"/>
		 <BoundingBox CRS="EPSG:25829" minx="-495135.75545797264" miny="2988008.1382796224" maxx="1897204.2192799984" maxy="4968139.496861154"/>
		 <BoundingBox CRS="EPSG:25830" minx="-1099673.713805158" miny="2986435.2424698113" maxx="1295248.9457888722" maxy="4998012.35979611"/>
		 <BoundingBox CRS="EPSG:25831" minx="-1714549.1480732663" miny="2988008.1382796224" maxx="698454.2342175536" maxy="5113259.329733409"/>		 
		 <BoundingBox CRS="EPSG:32628" minx="102948.37128314428" miny="2986435.244922726" maxx="2508202.7074604286" maxy="5070480.915489917"/>
		 <BoundingBox CRS="EPSG:32629" minx="-495135.75526346336" miny="2988008.140733385" maxx="1897204.2190024962" maxy="4968139.50151943"/>
		 <BoundingBox CRS="EPSG:32630" minx="-1099673.713484239" miny="2986435.244922726" maxx="1295248.94563436" maxy="4998012.364454182"/>
		 <BoundingBox CRS="EPSG:32631" minx="-1714549.1476116255" miny="2988008.140733385" maxx="698454.2341793771" maxy="5113259.334386855"/>	
           <Attribution>
            <Title>Sistema Cartográfico Nacional</Title>
            <OnlineResource xmlns:xlink="http://www.w3.org/1999/xlink" xlink:type="simple" xlink:href="http://www.scne.es"/>
          </Attribution>
          <AuthorityURL name="SCNE">
            <OnlineResource xlink:type="simple" xlink:href="http://www.scne.es"/>
          </AuthorityURL>
          <Identifier authority="SCNE">TN_AirTransportNetwork_TaxiwayArea</Identifier>
         <MetadataURL type="ISO19115:2003">
            <Format>text/plain</Format>
            <OnlineResource xlink:type="simple" xlink:href="https://www.ign.es/csw-inspire/srv/spa/csw?SERVICE=CSW&amp;VERSION=2.0.2&amp;REQUEST=GetRecordById&amp;outputSchema=http://www.isotc211.org/2005/gmd&amp;ElementSetName=full&amp;ID=spaign_IGR_Transporte"/>
         </MetadataURL>
		  <Style>
			<Name>rodaje</Name>
			<Title>IGN: Estilo de calles de rodaje</Title>
			<Abstract>Las calles de rodaje se representan con un relleno sólido gris (#E6E6E6) y un borde gris (#CCCCCC) con un ancho de 0.3 píxeles.</Abstract>
			<LegendURL width="20" height="20">
				<Format>image/png</Format>
				<OnlineResource xlink:type="simple" xlink:href="https://servicios.idee.es/wms-inspire/transportes/leyendas/rodaje.png"/>
			</LegendURL>
		  </Style>
		  <Style>
			<Name>TN.AirTransportNetwork.TaxiwayArea.Default</Name>
			<Title>Estilo por defecto Inspire de Área de Calle de rodaje</Title>
			<Abstract>Las áreas de calle de rodaje se representan con un relleno de color azul (#B0E0E6) y una línea sólida negra con un ancho de 1 píxel.</Abstract>
			<LegendURL width="20" height="20">
				<Format>image/png</Format>
				<OnlineResource xlink:type="simple" xlink:href="https://servicios.idee.es/wms-inspire/transportes/leyendas/TN.AirTransportNetwork.TaxiwayArea.Default.png"/>
			</LegendURL>
		  </Style>
        </Layer>
		<Layer queryable="1">
          <Name>TN.AirTransportNetwork.ApronArea</Name>
          <Title>Área de plataforma</Title>
          <Abstract>Área definida, en un aeródromo/helipuerto terrestre, destinada a dar cabida a las aeronaves/helicópteros para los fines de embarque o desembarque de pasajeros, correo o carga, abastecimiento de combustible, estacionamiento o mantenimiento. Reglamento (UE)Nº 1089/2010.</Abstract>
		<KeywordList>
            <Keyword>Red de Transporte</Keyword>
            <Keyword>Plataforma</Keyword>
        </KeywordList>
      <CRS>EPSG:25828</CRS>
      <CRS>EPSG:25829</CRS>
      <CRS>EPSG:25830</CRS>
      <CRS>EPSG:25831</CRS>
      <CRS>EPSG:32628</CRS>
      <CRS>EPSG:32629</CRS>
      <CRS>EPSG:32630</CRS>
      <CRS>EPSG:32631</CRS>
      <CRS>EPSG:3857</CRS>
      <CRS>EPSG:4258</CRS>
      <CRS>EPSG:4326</CRS>
      <CRS>CRS:84</CRS>
      <CRS>EPSG:3035</CRS>
          <EX_GeographicBoundingBox>
            <westBoundLongitude>-19.0</westBoundLongitude>
            <eastBoundLongitude>5.0</eastBoundLongitude>
            <southBoundLatitude>27.0</southBoundLatitude>
            <northBoundLatitude>44.0</northBoundLatitude>
          </EX_GeographicBoundingBox>
        <BoundingBox CRS="CRS:84" minx="-19.0" miny="27.0" maxx="5.0" maxy="44.0"/>
		 <BoundingBox CRS="EPSG:4258" minx="27.0" miny="-19.0" maxx="44.0" maxy="5.0"/>
		 <BoundingBox CRS="EPSG:4326" minx="27.000000021351063" miny="-19.000000000000007" maxx="44.000000040852704" maxy="5.0"/>
		 <BoundingBox CRS="EPSG:3857" minx="-2115070.3250721986" miny="3123471.7517721104" maxx="556597.4539663679" maxy="5465442.189644802"/>
		 <BoundingBox CRS="EPSG:3035" minx="471468.5017937361" miny="1445891.6963879904" maxx="2768821.4534321986" maxy="3919390.1873301356"/>
		 <BoundingBox CRS="EPSG:25828" minx="102948.3712066114" miny="2986435.2424698113" maxx="2508202.7078731647" maxy="5070480.910834041"/>
		 <BoundingBox CRS="EPSG:25829" minx="-495135.75545797264" miny="2988008.1382796224" maxx="1897204.2192799984" maxy="4968139.496861154"/>
		 <BoundingBox CRS="EPSG:25830" minx="-1099673.713805158" miny="2986435.2424698113" maxx="1295248.9457888722" maxy="4998012.35979611"/>
		 <BoundingBox CRS="EPSG:25831" minx="-1714549.1480732663" miny="2988008.1382796224" maxx="698454.2342175536" maxy="5113259.329733409"/>		 
		 <BoundingBox CRS="EPSG:32628" minx="102948.37128314428" miny="2986435.244922726" maxx="2508202.7074604286" maxy="5070480.915489917"/>
		 <BoundingBox CRS="EPSG:32629" minx="-495135.75526346336" miny="2988008.140733385" maxx="1897204.2190024962" maxy="4968139.50151943"/>
		 <BoundingBox CRS="EPSG:32630" minx="-1099673.713484239" miny="2986435.244922726" maxx="1295248.94563436" maxy="4998012.364454182"/>
		 <BoundingBox CRS="EPSG:32631" minx="-1714549.1476116255" miny="2988008.140733385" maxx="698454.2341793771" maxy="5113259.334386855"/>	
          <Attribution>
            <Title>Sistema Cartográfico Nacional</Title>
            <OnlineResource xmlns:xlink="http://www.w3.org/1999/xlink" xlink:type="simple" xlink:href="http://www.scne.es"/>
          </Attribution>
          <AuthorityURL name="SCNE">
            <OnlineResource xlink:type="simple" xlink:href="http://www.scne.es"/>
          </AuthorityURL>
          <Identifier authority="SCNE">TN_AirTransportNetwork_ApronArea</Identifier>
         <MetadataURL type="ISO19115:2003">
            <Format>text/plain</Format>
            <OnlineResource xlink:type="simple" xlink:href="https://www.ign.es/csw-inspire/srv/spa/csw?SERVICE=CSW&amp;VERSION=2.0.2&amp;REQUEST=GetRecordById&amp;outputSchema=http://www.isotc211.org/2005/gmd&amp;ElementSetName=full&amp;ID=spaign_IGR_Transporte"/>
         </MetadataURL>
		  <Style>
			<Name>plataformas</Name>
			<Title>IGN: Estilo de plataformas</Title>
			<Abstract>Las plataformas se representan con un relleno sólido gris (#DCDCDC) y un borde gris (#CCCCCC) con un ancho de 0.3 píxeles.</Abstract>
			<LegendURL width="20" height="20">
				<Format>image/png</Format>
				<OnlineResource xlink:type="simple" xlink:href="https://servicios.idee.es/wms-inspire/transportes/leyendas/plataformas.png"/>
			</LegendURL>
		  </Style>
		  <Style>
			<Name>TN.AirTransportNetwork.ApronArea.Default</Name>
			<Title>Estilo por defecto Inspire de Área de Plataforma</Title>
			<Abstract>Las áreas de plataforma se representan con un relleno de color gris (#808080) al 50% y una línea sólida negra con un ancho de 1 píxel.</Abstract>
			<LegendURL width="20" height="20">
				<Format>image/png</Format>
				<OnlineResource xlink:type="simple" xlink:href="https://servicios.idee.es/wms-inspire/transportes/leyendas/TN.AirTransportNetwork.ApronArea.Default.png"/>
			</LegendURL>
		  </Style>
        </Layer>
		<Layer queryable="1">
          <Name>TN.RoadTransportNetwork.RoadServiceArea</Name>
          <Title>Área de servicio de carretera</Title>
          <Abstract>Superficie aneja a una carretera y dedicada a ofrecer determinados servicios en relación con ella. Se representan áreas de servicio, peajes, estaciones de autobús y aparcamientos. Reglamento (UE)Nº 1089/2010.</Abstract>
		<KeywordList>
            <Keyword>Peaje</Keyword>
			<Keyword>Estación de autobús</Keyword>
			<Keyword>Aparcamiento</Keyword>
			<Keyword>Repostaje</Keyword>
			<Keyword>Descanso</Keyword>
        </KeywordList>
      <CRS>EPSG:25828</CRS>
      <CRS>EPSG:25829</CRS>
      <CRS>EPSG:25830</CRS>
      <CRS>EPSG:25831</CRS>
      <CRS>EPSG:32628</CRS>
      <CRS>EPSG:32629</CRS>
      <CRS>EPSG:32630</CRS>
      <CRS>EPSG:32631</CRS>
      <CRS>EPSG:3857</CRS>
      <CRS>EPSG:4258</CRS>
      <CRS>EPSG:4326</CRS>
      <CRS>CRS:84</CRS>
      <CRS>EPSG:3035</CRS>
          <EX_GeographicBoundingBox>
            <westBoundLongitude>-19.0</westBoundLongitude>
            <eastBoundLongitude>5.0</eastBoundLongitude>
            <southBoundLatitude>27.0</southBoundLatitude>
            <northBoundLatitude>44.0</northBoundLatitude>
          </EX_GeographicBoundingBox>
        <BoundingBox CRS="CRS:84" minx="-19.0" miny="27.0" maxx="5.0" maxy="44.0"/>
		 <BoundingBox CRS="EPSG:4258" minx="27.0" miny="-19.0" maxx="44.0" maxy="5.0"/>
		 <BoundingBox CRS="EPSG:4326" minx="27.000000021351063" miny="-19.000000000000007" maxx="44.000000040852704" maxy="5.0"/>
		 <BoundingBox CRS="EPSG:3857" minx="-2115070.3250721986" miny="3123471.7517721104" maxx="556597.4539663679" maxy="5465442.189644802"/>
		 <BoundingBox CRS="EPSG:3035" minx="471468.5017937361" miny="1445891.6963879904" maxx="2768821.4534321986" maxy="3919390.1873301356"/>
		 <BoundingBox CRS="EPSG:25828" minx="102948.3712066114" miny="2986435.2424698113" maxx="2508202.7078731647" maxy="5070480.910834041"/>
		 <BoundingBox CRS="EPSG:25829" minx="-495135.75545797264" miny="2988008.1382796224" maxx="1897204.2192799984" maxy="4968139.496861154"/>
		 <BoundingBox CRS="EPSG:25830" minx="-1099673.713805158" miny="2986435.2424698113" maxx="1295248.9457888722" maxy="4998012.35979611"/>
		 <BoundingBox CRS="EPSG:25831" minx="-1714549.1480732663" miny="2988008.1382796224" maxx="698454.2342175536" maxy="5113259.329733409"/>		 
		 <BoundingBox CRS="EPSG:32628" minx="102948.37128314428" miny="2986435.244922726" maxx="2508202.7074604286" maxy="5070480.915489917"/>
		 <BoundingBox CRS="EPSG:32629" minx="-495135.75526346336" miny="2988008.140733385" maxx="1897204.2190024962" maxy="4968139.50151943"/>
		 <BoundingBox CRS="EPSG:32630" minx="-1099673.713484239" miny="2986435.244922726" maxx="1295248.94563436" maxy="4998012.364454182"/>
		 <BoundingBox CRS="EPSG:32631" minx="-1714549.1476116255" miny="2988008.140733385" maxx="698454.2341793771" maxy="5113259.334386855"/>	
          <Attribution>
            <Title>Sistema Cartográfico Nacional</Title>
            <OnlineResource xmlns:xlink="http://www.w3.org/1999/xlink" xlink:type="simple" xlink:href="http://www.scne.es"/>
          </Attribution>
          <AuthorityURL name="SCNE">
            <OnlineResource xlink:type="simple" xlink:href="http://www.scne.es"/>
          </AuthorityURL>
          <Identifier authority="SCNE">TN_RoadTransportNetwork_RoadServiceArea</Identifier>
         <MetadataURL type="ISO19115:2003">
            <Format>text/plain</Format>
            <OnlineResource xlink:type="simple" xlink:href="https://www.ign.es/csw-inspire/srv/spa/csw?SERVICE=CSW&amp;VERSION=2.0.2&amp;REQUEST=GetRecordById&amp;outputSchema=http://www.isotc211.org/2005/gmd&amp;ElementSetName=full&amp;ID=spaign_IGR_Transporte"/>
         </MetadataURL>
		  <Style>
			<Name>areaservicio</Name>
			<Title>IGN: Estilo de áreas de servicio de carretera</Title>
			<Abstract>Las áreas de servicio de carretera se representan con un relleno sólido gris (#DCDCDC) y un borde gris (#CCCCCC) con un ancho de 0.5 píxeles. Los nombres se etiquetan en Arial Narrow 12.</Abstract>
			<LegendURL width="20" height="20">
				<Format>image/png</Format>
				<OnlineResource xlink:type="simple" xlink:href="https://servicios.idee.es/wms-inspire/transportes/leyendas/areaservicio.png"/>
			</LegendURL>
		  </Style>
		  <Style>
			<Name>TN.RoadTransportNetwork.RoadServiceArea.Default</Name>
			<Title>Estilo por defecto Inspire de áreas de servicio de carretera</Title>
			<Abstract>Las áreas de servicio de carretera se representan con un relleno de color gris (#A9A9A9)) y una línea sólida negra (#000000) con un ancho de 1 píxel.</Abstract>
			<LegendURL width="20" height="20">
				<Format>image/png</Format>
				<OnlineResource xlink:type="simple" xlink:href="https://servicios.idee.es/wms-inspire/transportes/leyendas/TN.RoadTransportNetwork.RoadServiceArea.Default.png"/>
			</LegendURL>
		  </Style>
        </Layer>
		<Layer queryable="1">
          <Name>TN.RailTransportNetwork.RailwayStationArea</Name>
          <Title>Área de estación ferroviaria</Title>
          <Abstract>Objeto espacial superficial que se usa para representar los límites topográficos de las instalaciones de una estación ferroviaria (edificios, zonas de operaciones, centros y equipos) dedicadas a la ejecución de las actividades de la estación ferroviaria.. Reglamento (UE)Nº 1089/2010.</Abstract>
		<KeywordList>
            <Keyword>Red de Transporte</Keyword>
			<Keyword>Estaciones de ferrocarril</Keyword>
        </KeywordList>
      <CRS>EPSG:25828</CRS>
      <CRS>EPSG:25829</CRS>
      <CRS>EPSG:25830</CRS>
      <CRS>EPSG:25831</CRS>
      <CRS>EPSG:32628</CRS>
      <CRS>EPSG:32629</CRS>
      <CRS>EPSG:32630</CRS>
      <CRS>EPSG:32631</CRS>
      <CRS>EPSG:3857</CRS>
      <CRS>EPSG:4258</CRS>
      <CRS>EPSG:4326</CRS>
      <CRS>CRS:84</CRS>
      <CRS>EPSG:3035</CRS>
          <EX_GeographicBoundingBox>
            <westBoundLongitude>-19.0</westBoundLongitude>
            <eastBoundLongitude>5.0</eastBoundLongitude>
            <southBoundLatitude>27.0</southBoundLatitude>
            <northBoundLatitude>44.0</northBoundLatitude>
          </EX_GeographicBoundingBox>
        <BoundingBox CRS="CRS:84" minx="-19.0" miny="27.0" maxx="5.0" maxy="44.0"/>
		 <BoundingBox CRS="EPSG:4258" minx="27.0" miny="-19.0" maxx="44.0" maxy="5.0"/>
		 <BoundingBox CRS="EPSG:4326" minx="27.000000021351063" miny="-19.000000000000007" maxx="44.000000040852704" maxy="5.0"/>
		 <BoundingBox CRS="EPSG:3857" minx="-2115070.3250721986" miny="3123471.7517721104" maxx="556597.4539663679" maxy="5465442.189644802"/>
		 <BoundingBox CRS="EPSG:3035" minx="471468.5017937361" miny="1445891.6963879904" maxx="2768821.4534321986" maxy="3919390.1873301356"/>
		 <BoundingBox CRS="EPSG:25828" minx="102948.3712066114" miny="2986435.2424698113" maxx="2508202.7078731647" maxy="5070480.910834041"/>
		 <BoundingBox CRS="EPSG:25829" minx="-495135.75545797264" miny="2988008.1382796224" maxx="1897204.2192799984" maxy="4968139.496861154"/>
		 <BoundingBox CRS="EPSG:25830" minx="-1099673.713805158" miny="2986435.2424698113" maxx="1295248.9457888722" maxy="4998012.35979611"/>
		 <BoundingBox CRS="EPSG:25831" minx="-1714549.1480732663" miny="2988008.1382796224" maxx="698454.2342175536" maxy="5113259.329733409"/>		 
		 <BoundingBox CRS="EPSG:32628" minx="102948.37128314428" miny="2986435.244922726" maxx="2508202.7074604286" maxy="5070480.915489917"/>
		 <BoundingBox CRS="EPSG:32629" minx="-495135.75526346336" miny="2988008.140733385" maxx="1897204.2190024962" maxy="4968139.50151943"/>
		 <BoundingBox CRS="EPSG:32630" minx="-1099673.713484239" miny="2986435.244922726" maxx="1295248.94563436" maxy="4998012.364454182"/>
		 <BoundingBox CRS="EPSG:32631" minx="-1714549.1476116255" miny="2988008.140733385" maxx="698454.2341793771" maxy="5113259.334386855"/>	
          <Attribution>
            <Title>Sistema Cartográfico Nacional</Title>
            <OnlineResource xmlns:xlink="http://www.w3.org/1999/xlink" xlink:type="simple" xlink:href="http://www.scne.es"/>
          </Attribution>
          <AuthorityURL name="SCNE">
            <OnlineResource xlink:type="simple" xlink:href="http://www.scne.es"/>
          </AuthorityURL>
          <Identifier authority="SCNE">TN_RailTransportNetwork_RailwayStationArea</Identifier>
         <MetadataURL type="ISO19115:2003">
            <Format>text/plain</Format>
            <OnlineResource xlink:type="simple" xlink:href="https://www.ign.es/csw-inspire/srv/spa/csw?SERVICE=CSW&amp;VERSION=2.0.2&amp;REQUEST=GetRecordById&amp;outputSchema=http://www.isotc211.org/2005/gmd&amp;ElementSetName=full&amp;ID=spaign_IGR_Transporte"/>
         </MetadataURL>
		  <Style>
			<Name>estacionesffcc</Name>
			<Title>IGN: Estilo de estaciones de ferrocarril</Title>
			<Abstract>Las estaciones se representan con un relleno sólido gris (#E6E6E6) y un borde gris (#CCCCCC) con un ancho de 0.5 píxeles. Los nombres se etiquetan en Arial Narrow 12.</Abstract>
			<LegendURL width="20" height="20">
				<Format>image/png</Format>
				<OnlineResource xlink:type="simple" xlink:href="https://servicios.idee.es/wms-inspire/transportes/leyendas/estacionesffcc.png"/>
			</LegendURL>
		  </Style>
		  <Style>
			<Name>TN.RailTransportNetwork.RailwayStationArea.Default</Name>
			<Title>Estilo por defecto Inspire de estación ferroviaria</Title>
			<Abstract>Las estaciones ferroviarias se representan con un relleno de color marrón (#8B4513) y una línea sólida negra (#000000) con un ancho de 1 píxel.</Abstract>
			<LegendURL width="20" height="20">
				<Format>image/png</Format>
				<OnlineResource xlink:type="simple" xlink:href="https://servicios.idee.es/wms-inspire/transportes/leyendas/TN.RailTransportNetwork.RailwayStationArea.Default.png"/>
			</LegendURL>
		  </Style>
        </Layer>
		<Layer queryable="1">
          <Name>TN.AirTransportNetwork.AerodromeArea</Name>
          <Title>Área de aeródromo</Title>
          <Abstract>Zona definida, sobre tierra o agua (incluidos eventuales edificios, instalaciones y equipos), cuyo propósito es ser utilizada total o parcialmente para la llegada, salida y movimiento en superficie de aeronaves y/o helicópteros. Reglamento (UE)Nº 1089/2010.</Abstract>
		<KeywordList>
            <Keyword>Red de Transporte</Keyword>
            <Keyword>Aeródromo</Keyword>
			<Keyword>Aeropuerto</Keyword>
			<Keyword>Helipuerto</Keyword>
        </KeywordList>
      <CRS>EPSG:25828</CRS>
      <CRS>EPSG:25829</CRS>
      <CRS>EPSG:25830</CRS>
      <CRS>EPSG:25831</CRS>
      <CRS>EPSG:32628</CRS>
      <CRS>EPSG:32629</CRS>
      <CRS>EPSG:32630</CRS>
      <CRS>EPSG:32631</CRS>
      <CRS>EPSG:3857</CRS>
      <CRS>EPSG:4258</CRS>
      <CRS>EPSG:4326</CRS>
      <CRS>CRS:84</CRS>
      <CRS>EPSG:3035</CRS>
          <EX_GeographicBoundingBox>
            <westBoundLongitude>-19.0</westBoundLongitude>
            <eastBoundLongitude>5.0</eastBoundLongitude>
            <southBoundLatitude>27.0</southBoundLatitude>
            <northBoundLatitude>44.0</northBoundLatitude>
          </EX_GeographicBoundingBox>
        <BoundingBox CRS="CRS:84" minx="-19.0" miny="27.0" maxx="5.0" maxy="44.0"/>
		 <BoundingBox CRS="EPSG:4258" minx="27.0" miny="-19.0" maxx="44.0" maxy="5.0"/>
		 <BoundingBox CRS="EPSG:4326" minx="27.000000021351063" miny="-19.000000000000007" maxx="44.000000040852704" maxy="5.0"/>
		 <BoundingBox CRS="EPSG:3857" minx="-2115070.3250721986" miny="3123471.7517721104" maxx="556597.4539663679" maxy="5465442.189644802"/>
		 <BoundingBox CRS="EPSG:3035" minx="471468.5017937361" miny="1445891.6963879904" maxx="2768821.4534321986" maxy="3919390.1873301356"/>
		 <BoundingBox CRS="EPSG:25828" minx="102948.3712066114" miny="2986435.2424698113" maxx="2508202.7078731647" maxy="5070480.910834041"/>
		 <BoundingBox CRS="EPSG:25829" minx="-495135.75545797264" miny="2988008.1382796224" maxx="1897204.2192799984" maxy="4968139.496861154"/>
		 <BoundingBox CRS="EPSG:25830" minx="-1099673.713805158" miny="2986435.2424698113" maxx="1295248.9457888722" maxy="4998012.35979611"/>
		 <BoundingBox CRS="EPSG:25831" minx="-1714549.1480732663" miny="2988008.1382796224" maxx="698454.2342175536" maxy="5113259.329733409"/>		 
		 <BoundingBox CRS="EPSG:32628" minx="102948.37128314428" miny="2986435.244922726" maxx="2508202.7074604286" maxy="5070480.915489917"/>
		 <BoundingBox CRS="EPSG:32629" minx="-495135.75526346336" miny="2988008.140733385" maxx="1897204.2190024962" maxy="4968139.50151943"/>
		 <BoundingBox CRS="EPSG:32630" minx="-1099673.713484239" miny="2986435.244922726" maxx="1295248.94563436" maxy="4998012.364454182"/>
		 <BoundingBox CRS="EPSG:32631" minx="-1714549.1476116255" miny="2988008.140733385" maxx="698454.2341793771" maxy="5113259.334386855"/>	
          <Attribution>
            <Title>Sistema Cartográfico Nacional</Title>
            <OnlineResource xmlns:xlink="http://www.w3.org/1999/xlink" xlink:type="simple" xlink:href="http://www.scne.es"/>
          </Attribution>
          <AuthorityURL name="SCNE">
            <OnlineResource xlink:type="simple" xlink:href="http://www.scne.es"/>
          </AuthorityURL>
          <Identifier authority="SCNE">TN_AirTransportNetwork_AerodromeArea</Identifier>
         <MetadataURL type="ISO19115:2003">
            <Format>text/plain</Format>
            <OnlineResource xlink:type="simple" xlink:href="https://www.ign.es/csw-inspire/srv/spa/csw?SERVICE=CSW&amp;VERSION=2.0.2&amp;REQUEST=GetRecordById&amp;outputSchema=http://www.isotc211.org/2005/gmd&amp;ElementSetName=full&amp;ID=spaign_IGR_Transporte"/>
         </MetadataURL>
		  <Style>
			<Name>aerodromos</Name>
			<Title>IGN: Estilo de aeródromos</Title>
			<Abstract>Los aeródromos se representan con un relleno sólido morado (#F0E6FA) y un borde gris (#CCCCCC) con un ancho de 0.3 píxeles. Los nombres se etiquetan en Arial Narrow 12.</Abstract>
			<LegendURL width="20" height="20">
				<Format>image/png</Format>
				<OnlineResource xlink:type="simple" xlink:href="https://servicios.idee.es/wms-inspire/transportes/leyendas/aerodromos.png"/>
			</LegendURL>
		  </Style>
		  <Style>
			<Name>TN.AirTransportNetwork.AerodromeArea.Default</Name>
			<Title>Estilo por defecto Inspire de Área de Aeródromo</Title>
			<Abstract>Las áreas de aeródromo se representan con un relleno de color azul (#0000CD) al 50% y una línea sólida azul (#0000CD) con un ancho de 1 píxel.</Abstract>
			<LegendURL width="20" height="20">
				<Format>image/png</Format>
				<OnlineResource xlink:type="simple" xlink:href="https://servicios.idee.es/wms-inspire/transportes/leyendas/TN.AirTransportNetwork.AerodromeArea.Default.png"/>
			</LegendURL>
		  </Style>
        </Layer>
		<Layer queryable="1">
          <Name>TN.WaterTransportNetwork.PortArea</Name>
          <Title>Área portuaria</Title>
          <Abstract>Objeto espacial superficial que se usa para representar los límites físicos de todas las instalaciones que constituyen la zona terrestre de un puerto marítimo o interior. Reglamento (UE)Nº 1089/2010.</Abstract>
		<KeywordList>
            <Keyword>Red de Transporte</Keyword>
			<Keyword>Puerto</Keyword>
        </KeywordList>
      <CRS>EPSG:25828</CRS>
      <CRS>EPSG:25829</CRS>
      <CRS>EPSG:25830</CRS>
      <CRS>EPSG:25831</CRS>
      <CRS>EPSG:32628</CRS>
      <CRS>EPSG:32629</CRS>
      <CRS>EPSG:32630</CRS>
      <CRS>EPSG:32631</CRS>
      <CRS>EPSG:3857</CRS>
      <CRS>EPSG:4258</CRS>
      <CRS>EPSG:4326</CRS>
      <CRS>CRS:84</CRS>
      <CRS>EPSG:3035</CRS>
          <EX_GeographicBoundingBox>
            <westBoundLongitude>-19.0</westBoundLongitude>
            <eastBoundLongitude>5.0</eastBoundLongitude>
            <southBoundLatitude>27.0</southBoundLatitude>
            <northBoundLatitude>44.0</northBoundLatitude>
          </EX_GeographicBoundingBox>
        <BoundingBox CRS="CRS:84" minx="-19.0" miny="27.0" maxx="5.0" maxy="44.0"/>
		 <BoundingBox CRS="EPSG:4258" minx="27.0" miny="-19.0" maxx="44.0" maxy="5.0"/>
		 <BoundingBox CRS="EPSG:4326" minx="27.000000021351063" miny="-19.000000000000007" maxx="44.000000040852704" maxy="5.0"/>
		 <BoundingBox CRS="EPSG:3857" minx="-2115070.3250721986" miny="3123471.7517721104" maxx="556597.4539663679" maxy="5465442.189644802"/>
		 <BoundingBox CRS="EPSG:3035" minx="471468.5017937361" miny="1445891.6963879904" maxx="2768821.4534321986" maxy="3919390.1873301356"/>
		 <BoundingBox CRS="EPSG:25828" minx="102948.3712066114" miny="2986435.2424698113" maxx="2508202.7078731647" maxy="5070480.910834041"/>
		 <BoundingBox CRS="EPSG:25829" minx="-495135.75545797264" miny="2988008.1382796224" maxx="1897204.2192799984" maxy="4968139.496861154"/>
		 <BoundingBox CRS="EPSG:25830" minx="-1099673.713805158" miny="2986435.2424698113" maxx="1295248.9457888722" maxy="4998012.35979611"/>
		 <BoundingBox CRS="EPSG:25831" minx="-1714549.1480732663" miny="2988008.1382796224" maxx="698454.2342175536" maxy="5113259.329733409"/>		 
		 <BoundingBox CRS="EPSG:32628" minx="102948.37128314428" miny="2986435.244922726" maxx="2508202.7074604286" maxy="5070480.915489917"/>
		 <BoundingBox CRS="EPSG:32629" minx="-495135.75526346336" miny="2988008.140733385" maxx="1897204.2190024962" maxy="4968139.50151943"/>
		 <BoundingBox CRS="EPSG:32630" minx="-1099673.713484239" miny="2986435.244922726" maxx="1295248.94563436" maxy="4998012.364454182"/>
		 <BoundingBox CRS="EPSG:32631" minx="-1714549.1476116255" miny="2988008.140733385" maxx="698454.2341793771" maxy="5113259.334386855"/>	
          <Attribution>
            <Title>Sistema Cartográfico Nacional</Title>
            <OnlineResource xmlns:xlink="http://www.w3.org/1999/xlink" xlink:type="simple" xlink:href="http://www.scne.es"/>
          </Attribution>
          <AuthorityURL name="SCNE">
            <OnlineResource xlink:type="simple" xlink:href="http://www.scne.es"/>
          </AuthorityURL>
          <Identifier authority="SCNE">TN_WaterTransportNetwork_PortArea</Identifier>
         <MetadataURL type="ISO19115:2003">
            <Format>text/plain</Format>
            <OnlineResource xlink:type="simple" xlink:href="https://www.ign.es/csw-inspire/srv/spa/csw?SERVICE=CSW&amp;VERSION=2.0.2&amp;REQUEST=GetRecordById&amp;outputSchema=http://www.isotc211.org/2005/gmd&amp;ElementSetName=full&amp;ID=spaign_IGR_Transporte"/>
         </MetadataURL>
		  <Style>
			<Name>puertos</Name>
			<Title>IGN: Estilo de áreas portuarias</Title>
			<Abstract>Los puertos se representan con un relleno sólido gris (#E6E6E6) y un borde gris (#CCCCCC) con un ancho de 0.5 píxeles. Los nombres se etiquetan en Arial Narrow 12.</Abstract>
			<LegendURL width="20" height="20">
				<Format>image/png</Format>
				<OnlineResource xlink:type="simple" xlink:href="https://servicios.idee.es/wms-inspire/transportes/leyendas/puertos.png"/>
			</LegendURL>
		  </Style>
		  <Style>
			<Name>TN.WaterTransportNetwork.PortArea.Default</Name>
			<Title>Estilo por defecto Inspire de área portuaria</Title>
			<Abstract>Las áreas portuarias se representan con un relleno de color gris (#696969) y una línea sólida negra (#000000) con un ancho de 1 píxel.</Abstract>
			<LegendURL width="20" height="20">
				<Format>image/png</Format>
				<OnlineResource xlink:type="simple" xlink:href="https://servicios.idee.es/wms-inspire/transportes/leyendas/TN.WaterTransportNetwork.PortArea.Default.png"/>
			</LegendURL>
		  </Style>
        </Layer>
    </Layer>
  </Capability>
</WMS_Capabilities>