<?xml version="1.0" encoding="UTF-8"?>
<WMS_Capabilities xmlns:srv="http://schemas.opengis.net/iso/19139/20060504/srv/srv.xsd" xmlns:gmd="http://schemas.opengis.net/iso/19139/20060504/gmd/gmd.xsd" xmlns:gco="http://schemas.opengis.net/iso/19139/20060504/gco/gco.xsd" xmlns:inspire_vs="http://inspire.ec.europa.eu/schemas/inspire_vs/1.0" xmlns:gml="http://schemas.opengis.net/gml" xmlns:inspire_common="http://inspire.ec.europa.eu/schemas/common/1.0" version="1.3.0" updateSequence="1549" xmlns="http://www.opengis.net/wms" xmlns:xlink="http://www.w3.org/1999/xlink" xmlns:xsi="http://www.w3.org/2001/XMLSchema-instance" xsi:schemaLocation="http://www.opengis.net/wms  http://inspire.ec.europa.eu/schemas/inspire_vs/1.0/inspire_vs.xsd">
 <Service>
		<Name>WMS</Name>
		<Title>Cartografía Ráster de España del IGN</Title>
		<Abstract>Cartografía raster del IGN a distintas escalas. Se publica el mapa del mundo a escala 1:11.000.000 del Atlas Nacional de España hasta una resolución de 952 m/píxel. El Mapa de España a escala 1:1.250.000 hasta una resolución de 140,28 m/píxel. El Mapa de España a escala 1:500.000 hasta una resolución de 60,02 m/píxel. El Mapa Provincial a escala 1:200.000 hasta una resolución de 14,28 m/píxel. El Mapa Topográfico Nacional a escala 1:50.000 hasta una resolución de 5,04 m/píxel. El Mapa Topográfico Nacional a escala 1:25.000 a partir de una resolución de 5,04 m/pixel y el Mapa Topográfico Nacional Alta Resolución a partir de una resolución de 1.4 m/pixel. Se considera un tamaño estándar de píxel de 0,28 mm. Servicio WMS 1.3.0 conforme a ISO 19128:2005. Capa de fondo elaborada a partir de GEBCO Compilation Group (2021) GEBCO 2021 Grid (doi:10.5285/a29c5465-b138-234d-e053-6c86abc040b9)</Abstract>
		<KeywordList>
			<Keyword>Instituto Geográfico Nacional</Keyword>
			 <Keyword>Sistema Cartográfico Nacional</Keyword>
			<Keyword>Centro Nacional de Información Geográfica</Keyword>
			<Keyword>MTN</Keyword>
			<Keyword>MTN25raster</Keyword>
			<Keyword>MTN50raster</Keyword>
			<Keyword>CNIG</Keyword>
			<Keyword>SCNE</Keyword>
			<Keyword>Instituto Geográfico Nacional</Keyword>
			<Keyword vocabulary="ISO 19119 geographic services taxonomy, version 2.3">InfoMapAccessService</Keyword> 
			<Keyword vocabulary="ISO 19119 geographic services taxonomy, version 2.3">InfoManagementService</Keyword>
		</KeywordList>
		<OnlineResource xlink:type="simple" xlink:href="http://www.ign.es"/>
		<ContactInformation>
      <ContactPersonPrimary>
        <ContactPerson/>
        <ContactOrganization>Instituto Geográfico Nacional</ContactOrganization>
      </ContactPersonPrimary>
      <ContactPosition>Point of contact</ContactPosition>
      <ContactAddress>
        <AddressType>Postal</AddressType>
        <Address>C/ General Ibáñez de Ibero, 3</Address>
        <City>Madrid</City>
        <StateOrProvince/>
        <PostCode>28003</PostCode>
        <Country>España</Country>
      </ContactAddress>
      <ContactVoiceTelephone>+34 91 597 96 46</ContactVoiceTelephone>
      <ContactFacsimileTelephone>+34 91 597 97 64</ContactFacsimileTelephone>
      <ContactElectronicMailAddress>ign@mitma.es</ContactElectronicMailAddress>
    </ContactInformation>
    <Fees>No se aplican condiciones</Fees>
	<AccessConstraints>CC BY 4.0 ign.es</AccessConstraints>
	<MaxWidth>4096</MaxWidth>
		<MaxHeight>4096</MaxHeight>
	</Service>
	<Capability>
		<Request>
			<GetCapabilities>
				<Format>text/xml</Format>
				<DCPType>
					<HTTP>
						<Get>
							<OnlineResource xlink:type="simple" xlink:href="https://www.ign.es/wms-inspire/mapa-raster?SERVICE=WMS&amp;"/>
						</Get>
						<Post>
							<OnlineResource xlink:type="simple" xlink:href="https://www.ign.es/wms-inspire/mapa-raster?SERVICE=WMS&amp;"/>
						</Post>
					</HTTP>
				</DCPType>
			</GetCapabilities>
			<GetMap>
				<Format>image/png</Format>
				<Format>image/jpeg</Format>
				<Format>image/gif</Format>
				<Format>image/tiff</Format>
				<Format>image/png; mode=8bit</Format>
				<Format>application/x-pdf</Format>
				<Format>image/svg+xml</Format>
				<DCPType>
					<HTTP>
						<Get>
							<OnlineResource xlink:type="simple" xlink:href="https://www.ign.es/wms-inspire/mapa-raster?SERVICE=WMS&amp;"/>
						</Get>
					</HTTP>
				</DCPType>
			</GetMap>
		</Request>
		<Exception>
			<Format>XML</Format>
			<Format>INIMAGE</Format>
			<Format>BLANK</Format>
		</Exception>
		<inspire_vs:ExtendedCapabilities>
			<inspire_common:MetadataUrl xsi:type="inspire_common:resourceLocatorType">
				<inspire_common:URL>https://www.idee.es/csw-inspire-idee/srv/spa/csw?Service=CSW&amp;Request=GetRecordById&amp;Version=2.0.2&amp;id=spaignwms_mtn-raster&amp;outputSchema=http://www.isotc211.org/2005/gmd&amp;elementSetName=full</inspire_common:URL>
				<inspire_common:MediaType>application/vnd.ogc.csw.GetRecordByIdResponse_xml</inspire_common:MediaType>
			</inspire_common:MetadataUrl>
			<inspire_common:SupportedLanguages xsi:type="inspire_common:supportedLanguagesType">
				<inspire_common:DefaultLanguage>
					<inspire_common:Language>spa</inspire_common:Language>
				</inspire_common:DefaultLanguage>
				<inspire_common:SupportedLanguage>
					<inspire_common:Language>spa</inspire_common:Language>
				</inspire_common:SupportedLanguage>
			</inspire_common:SupportedLanguages>
			<inspire_common:ResponseLanguage>
				<inspire_common:Language>spa</inspire_common:Language>
			</inspire_common:ResponseLanguage>
		</inspire_vs:ExtendedCapabilities>		
		<Layer>
			<Title>Cartografía del IGN</Title>
			<Abstract>Cartografía raster del IGN a distintas escalas. Se publica el mapa del mundo a escala 1:11.000.000 del Atlas Nacional de España hasta una resolución de 952 m/píxel. El Mapa de España a escala 1:1.250.000 hasta una resolución de 140,28 m/píxel. El Mapa de España a escala 1:500.000 hasta una resolución de 60,02 m/píxel. El Mapa Provincial a escala 1:200.000 hasta una resolución de 14,28 m/píxel. El Mapa Topográfico Nacional a escala 1:50.000 hasta una resolución de 5,04 m/píxel. El Mapa Topográfico Nacional a escala 1:25.000 a partir de una resolución de 5,04 m/pixel y el Mapa Topográfico Nacional Alta Resolución a partir de una resolución de 1.4 m/pixel. Se considera un tamaño estándar de píxel de 0,28 mm.</Abstract>
			<CRS>EPSG:25830</CRS>
			<CRS>EPSG:32630</CRS>
			<CRS>EPSG:4258</CRS>
			<CRS>EPSG:4326</CRS>
			<CRS>EPSG:4230</CRS>
			<CRS>EPSG:25828</CRS>
			<CRS>EPSG:25829</CRS>
			<CRS>EPSG:25831</CRS>
			<CRS>EPSG:32628</CRS>
			<CRS>EPSG:32629</CRS>
			<CRS>EPSG:32631</CRS>
			<CRS>EPSG:23029</CRS>			
			<CRS>EPSG:23030</CRS>
			<CRS>EPSG:23031</CRS>
			<CRS>EPSG:3857</CRS>
			<CRS>CRS:84</CRS>
			<EX_GeographicBoundingBox>
				<westBoundLongitude>-180</westBoundLongitude>
				<eastBoundLongitude>180</eastBoundLongitude>
				<southBoundLatitude>-90</southBoundLatitude>
				<northBoundLatitude>90</northBoundLatitude>
			</EX_GeographicBoundingBox>
			<BoundingBox CRS="CRS:84" minx="-180" miny="-87.15158463433839" maxx="180" maxy="87.66192626960498"/>
			<BoundingBox CRS="EPSG:25830" minx="-3.6120028414793307E8" miny="-2.837919762899621E8" maxx="7.718852038379332E7" maxy="2.6912429596165156E8"/>
			<BoundingBox CRS="EPSG:4258" minx="-87.15158463443187" miny="-178.04821777413082" maxx="87.66192626968174" maxy="177.61450195240326"/>
			<BoundingBox CRS="EPSG:4326" minx="-87.15158463433839" miny="-178.04821777413082" maxx="87.66192626960498" maxy="177.61450195240326"/>
			<BoundingBox CRS="EPSG:4230" minx="36.17" miny="-9.52" maxx="44.00" maxy="5.00"/>
			<BoundingBox CRS="EPSG:25828" minx="-2.4250390964264965E8" miny="-1.8342409895852706E8" maxx="3.975797950606531E7" maxy="1.7484411447215107E8"/>
			<BoundingBox CRS="EPSG:25829" minx="-2.964049964468872E8" miny="-2.285112678393861E8" maxx="5.6407528671267904E7" maxy="2.1724054990471682E8"/>
			<BoundingBox CRS="EPSG:25831" minx="-7.453179520171264E7" miny="-2.7941276649578756E8" maxx="3.5711256894048953E8" maxy="2.6501748856294695E8"/>
			<BoundingBox CRS="EPSG:3857" minx="-2.0037508342789244E7" miny="-1.9971868880408555E7" maxx="2.0037508342789244E7" maxy="1.9971868880408563E7"/>
			<BoundingBox CRS="EPSG:32628" minx="-2.4250390963651803E8" miny="-1.8342409896393695E8" maxx="3.97579794998336E7" maxy="1.7484411447810313E8"/>
			<BoundingBox CRS="EPSG:32629" minx="-2.964049964396464E8" miny="-2.2851126784721246E8" maxx="5.640752866356349E7" maxy="2.1724054991321954E8"/>
			<BoundingBox CRS="EPSG:32630" minx="-3.612002841394262E8" miny="-2.837919763009823E8" maxx="7.718852037432118E7" maxy="2.6912429597351074E8"/>
			<BoundingBox CRS="EPSG:32631" minx="-7.453179519237912E7" miny="-2.7941276650654685E8" maxx="3.5711256893207973E8" maxy="2.650174885745324E8"/>
			<BoundingBox CRS="EPSG:3035" minx="-8926371.086480442" miny="3061385.4579710234" maxx="1.5084398782493228E7" maxy="1.3276861349617694E7"/>
			<BoundingBox CRS="EPSG:23029" minx="453232.16" miny="4002993.85" maxx="1622799.23" maxy="4968233.16"/>	
			<BoundingBox CRS="EPSG:23030" minx="-86780.31" miny="4022622.27" maxx="1141492.98" maxy="4903175.90"/>
			<BoundingBox CRS="EPSG:23031" minx="-628724.14" miny="4076330.91" maxx="660356.81" maxy="4873906.61"/>		
			<AuthorityURL name="IGN">
				<OnlineResource xmlns:xlink="http://www.w3.org/1999/xlink" xlink:type="simple" xlink:href="http://www.ign.es"/>
			</AuthorityURL>
			<Layer queryable="0">
				<Name>mtn_rasterizado</Name>
				<Title>Mapas raster del IGN</Title>
				<Abstract>Cartografía raster del IGN a distintas escalas. Se publica el mapa del mundo a escala 1:11.000.000 del Atlas Nacional de España hasta una resolución de 952 m/píxel. El Mapa de España a escala 1:1.250.000 hasta una resolución de 140,28 m/píxel. El Mapa de España a escala 1:500.000 hasta una resolución de 60,02 m/píxel. El Mapa Provincial a escala 1:200.000 hasta una resolución de 14,28 m/píxel. El Mapa Topográfico Nacional a escala 1:50.000 hasta una resolución de 5,04 m/píxel. El Mapa Topográfico Nacional a escala 1:25.000 a partir de una resolución de 5,04 m/pixel y el Mapa Topográfico Nacional Alta Resolución a partir de una resolución de 1.4 m/pixel. Se considera un tamaño estándar de píxel de 0,28 mm. </Abstract>
				<KeywordList>
					<Keyword>Cartografía</Keyword>
					<Keyword>Mapa</Keyword>
					<Keyword>MTN</Keyword>
					<Keyword>España</Keyword>
				</KeywordList>
			<EX_GeographicBoundingBox>
				<westBoundLongitude>-180</westBoundLongitude>
				<eastBoundLongitude>180</eastBoundLongitude>
				<southBoundLatitude>-87.15158463433839</southBoundLatitude>
				<northBoundLatitude>87.66192626960498</northBoundLatitude>
			</EX_GeographicBoundingBox>
			<BoundingBox CRS="CRS:84" minx="-180" miny="-87.15158463433839" maxx="180" maxy="87.66192626960498"/>
			<BoundingBox CRS="EPSG:25830" minx="-1099673.713793886" miny="2986435.242554414" maxx="1295248.9457834428" maxy="4998012.359900884"/>		
			<BoundingBox CRS="EPSG:4258" minx="-87.15158463443187" miny="-178.04821777413082" maxx="87.66192626968174" maxy="177.61450195240326"/>
			<BoundingBox CRS="EPSG:4326" minx="-87.15158463433839" miny="-178.04821777413082" maxx="87.66192626960498" maxy="177.61450195240326"/>
			<BoundingBox CRS="EPSG:25828" minx="-2.4250390964264965E8" miny="-1.8342409895852706E8" maxx="3.975797950606531E7" maxy="1.7484411447215107E8"/>
			<BoundingBox CRS="EPSG:25829" minx="-2.964049964468872E8" miny="-2.285112678393861E8" maxx="5.6407528671267904E7" maxy="2.1724054990471682E8"/>
			<BoundingBox CRS="EPSG:25831" minx="-7.453179520171264E7" miny="-2.7941276649578756E8" maxx="3.5711256894048953E8" maxy="2.6501748856294695E8"/>
			<BoundingBox CRS="EPSG:3857" minx="-2.0037508342789244E7" miny="-1.9971868880408555E7" maxx="2.0037508342789244E7" maxy="1.9971868880408563E7"/>
			<BoundingBox CRS="EPSG:32628" minx="-2.4250390963651803E8" miny="-1.8342409896393695E8" maxx="3.97579794998336E7" maxy="1.7484411447810313E8"/>
			<BoundingBox CRS="EPSG:32629" minx="-2.964049964396464E8" miny="-2.2851126784721246E8" maxx="5.640752866356349E7" maxy="2.1724054991321954E8"/>
			<BoundingBox CRS="EPSG:32630" minx="-3.612002841394262E8" miny="-2.837919763009823E8" maxx="7.718852037432118E7" maxy="2.6912429597351074E8"/>
			<BoundingBox CRS="EPSG:32631" minx="-7.453179519237912E7" miny="-2.7941276650654685E8" maxx="3.5711256893207973E8" maxy="2.650174885745324E8"/>
			<BoundingBox CRS="EPSG:3035" minx="-8926371.086480442" miny="3061385.4579710234" maxx="1.5084398782493228E7" maxy="1.3276861349617694E7"/>
			<BoundingBox CRS="EPSG:4230" minx="36.17" miny="-9.52" maxx="44.00" maxy="5.00"/>
			<BoundingBox CRS="EPSG:23029" minx="453232.16" miny="4002993.85" maxx="1622799.23" maxy="4968233.16"/>	
			<BoundingBox CRS="EPSG:23030" minx="-86780.31" miny="4022622.27" maxx="1141492.98" maxy="4903175.90"/>
			<BoundingBox CRS="EPSG:23031" minx="-628724.14" miny="4076330.91" maxx="660356.81" maxy="4873906.61"/>	
			<Attribution>
					<Title>© Instituto Geográfico Nacional</Title>
					<OnlineResource xmlns:xlink="http://www.w3.org/1999/xlink" xlink:type="simple" xlink:href="http://www.ign.es"/>
				</Attribution>
				<Identifier authority="IGN">Capa_cartografia_raster_WMS_IGN</Identifier>
				<MetadataURL type="ISO19115:2003">
					<Format>text/plain</Format>
					<OnlineResource xlink:type="simple" xlink:href="https://www.idee.es/csw-inspire-idee/srv/spa/csw?SERVICE=CSW&amp;VERSION=2.0.2&amp;REQUEST=GetRecordById&amp;outputSchema=http://www.isotc211.org/2005/gmd&amp;ElementSetName=full&amp;ID=spaignMTNAR"/>
				</MetadataURL>	
				<MetadataURL type="ISO19115:2003">
					<Format>text/plain</Format>
					<OnlineResource xlink:type="simple" xlink:href="https://www.idee.es/csw-inspire-idee/srv/spa/csw?SERVICE=CSW&amp;VERSION=2.0.2&amp;REQUEST=GetRecordById&amp;outputSchema=http://www.isotc211.org/2005/gmd&amp;ElementSetName=full&amp;ID=spaignMTN25"/>
				</MetadataURL>		  
				<MetadataURL type="ISO19115:2003">
					<Format>text/plain</Format> 
					<OnlineResource xlink:type="simple" xlink:href="https://www.idee.es/csw-inspire-idee/srv/spa/csw?SERVICE=CSW&amp;VERSION=2.0.2&amp;REQUEST=GetRecordById&amp;outputSchema=http://www.isotc211.org/2005/gmd&amp;ElementSetName=full&amp;ID=spaignMTN50RasterSerie"/>
				</MetadataURL>	
				<MetadataURL type="ISO19115:2003">
					<Format>text/plain</Format>
					<OnlineResource xlink:type="simple" xlink:href="https://www.idee.es/csw-inspire-idee/srv/spa/csw?SERVICE=CSW&amp;VERSION=2.0.2&amp;REQUEST=GetRecordById&amp;outputSchema=http://www.isotc211.org/2005/gmd&amp;ElementSetName=full&amp;ID=spaignMP200RasterSerie"/>
				</MetadataURL>		  
				<MetadataURL type="ISO19115:2003">
					<Format>text/plain</Format> 
					<OnlineResource xlink:type="simple" xlink:href="https://www.idee.es/csw-inspire-idee/srv/spa/csw?SERVICE=CSW&amp;VERSION=2.0.2&amp;REQUEST=GetRecordById&amp;outputSchema=http://www.isotc211.org/2005/gmd&amp;ElementSetName=full&amp;ID=spaignME500RasterSerie"/>
				</MetadataURL>	
				<MetadataURL type="ISO19115:2003">
					<Format>text/plain</Format>
					<OnlineResource xlink:type="simple" xlink:href="https://www.idee.es/csw-inspire-idee/srv/spa/csw?SERVICE=CSW&amp;VERSION=2.0.2&amp;REQUEST=GetRecordById&amp;outputSchema=http://www.isotc211.org/2005/gmd&amp;ElementSetName=full&amp;ID=spaignME1250RasterSerie"/>
				</MetadataURL>		  
				<MetadataURL type="ISO19115:2003">
					<Format>text/plain</Format> 
					<OnlineResource xlink:type="simple" xlink:href="https://www.idee.es/csw-inspire-idee/srv/spa/csw?SERVICE=CSW&amp;VERSION=2.0.2&amp;REQUEST=GetRecordById&amp;outputSchema=http://www.isotc211.org/2005/gmd&amp;ElementSetName=full&amp;ID=spaignME2000FIS"/>
				</MetadataURL>	
				<MetadataURL type="ISO19115:2003">
					<Format>text/plain</Format> 
					<OnlineResource xlink:type="simple" xlink:href="https://www.idee.es/csw-inspire-idee/srv/spa/csw?SERVICE=CSW&amp;VERSION=2.0.2&amp;REQUEST=GetRecordById&amp;outputSchema=http://www.isotc211.org/2005/gmd&amp;ElementSetName=full&amp;ID=spaignSIANE_Mapa_18711"/>
				</MetadataURL>	
				<MetadataURL type="ISO19115:2003">
					<Format>text/plain</Format>
					<OnlineResource xlink:type="simple" xlink:href="https://www.gebco.net/data_and_products/gebco_web_services/web_map_service/mapserv?request=GetMetadata&amp;layer=GEBCO_LATEST_SUB_ICE_TOPO"/>
				</MetadataURL>				
				<Style>
					<Name>default</Name>
					<Title>Estilo por defecto de visualización</Title>
					<Abstract>Estilo por defecto de visualización</Abstract>
					<LegendURL width="1903" height="1346">
						<Format>image/png</Format>
						<OnlineResource xmlns:xlink="http://www.w3.org/1999/xlink" xlink:type="simple" xlink:href="https://www.ign.es/wms-inspire/mapa-raster/leyendas/mtn25.png"/>
					</LegendURL>
				</Style>
			</Layer>
			<Layer queryable="0">
				<Name>fondo</Name>
				<Title>Fondo</Title>
				<Abstract>Capa para usar como fondo. Elaborada a partir de GEBCO Compilation Group (2021) GEBCO 2021 Grid (doi:10.5285/a29c5465-b138-234d-e053-6c86abc040b9)</Abstract>
				<KeywordList>
					<Keyword>Fondo</Keyword>
					<Keyword>España</Keyword>
				</KeywordList>
			<EX_GeographicBoundingBox>
				<westBoundLongitude>-180</westBoundLongitude>
				<eastBoundLongitude>180</eastBoundLongitude>
				<southBoundLatitude>-87.15158463433839</southBoundLatitude>
				<northBoundLatitude>87.66192626960498</northBoundLatitude>
			</EX_GeographicBoundingBox>
			<BoundingBox CRS="CRS:84" minx="-180" miny="-87.15158463433839" maxx="180" maxy="87.66192626960498"/>
			<BoundingBox CRS="EPSG:25830" minx="-3.6120028414793307E8" miny="-2.837919762899621E8" maxx="7.718852038379332E7" maxy="2.6912429596165156E8"/>
			<BoundingBox CRS="EPSG:4258" minx="-87.15158463443187" miny="-178.04821777413082" maxx="87.66192626968174" maxy="177.61450195240326"/>
			<BoundingBox CRS="EPSG:4326" minx="-87.15158463433839" miny="-178.04821777413082" maxx="87.66192626960498" maxy="177.61450195240326"/>
			<BoundingBox CRS="EPSG:25828" minx="-2.4250390964264965E8" miny="-1.8342409895852706E8" maxx="3.975797950606531E7" maxy="1.7484411447215107E8"/>
			<BoundingBox CRS="EPSG:25829" minx="-2.964049964468872E8" miny="-2.285112678393861E8" maxx="5.6407528671267904E7" maxy="2.1724054990471682E8"/>
			<BoundingBox CRS="EPSG:25831" minx="-7.453179520171264E7" miny="-2.7941276649578756E8" maxx="3.5711256894048953E8" maxy="2.6501748856294695E8"/>
			<BoundingBox CRS="EPSG:3857" minx="-20075000.000" miny="-2.3563423325773146E7" maxx="20074860.299" maxy="2.4823122196734563E7"/>
			<BoundingBox CRS="EPSG:32628" minx="-2.4250390963651803E8" miny="-1.8342409896393695E8" maxx="3.97579794998336E7" maxy="1.7484411447810313E8"/>
			<BoundingBox CRS="EPSG:32629" minx="-2.964049964396464E8" miny="-2.2851126784721246E8" maxx="5.640752866356349E7" maxy="2.1724054991321954E8"/>
			<BoundingBox CRS="EPSG:32630" minx="-3.612002841394262E8" miny="-2.837919763009823E8" maxx="7.718852037432118E7" maxy="2.6912429597351074E8"/>
			<BoundingBox CRS="EPSG:32631" minx="-7.453179519237912E7" miny="-2.7941276650654685E8" maxx="3.5711256893207973E8" maxy="2.650174885745324E8"/>
			<BoundingBox CRS="EPSG:3035" minx="-8926371.086480442" miny="3061385.4579710234" maxx="1.5084398782493228E7" maxy="1.3276861349617694E7"/>
			<BoundingBox CRS="EPSG:4230" minx="36.17" miny="-9.52" maxx="44.00" maxy="5.00"/>
			<BoundingBox CRS="EPSG:23029" minx="453232.16" miny="4002993.85" maxx="1622799.23" maxy="4968233.16"/>	
			<BoundingBox CRS="EPSG:23030" minx="-86780.31" miny="4022622.27" maxx="1141492.98" maxy="4903175.90"/>
			<BoundingBox CRS="EPSG:23031" minx="-628724.14" miny="4076330.91" maxx="660356.81" maxy="4873906.61"/>	
				<Attribution>
					<Title>© Instituto Geográfico Nacional. GEBCO 2021 Grid</Title>
					<OnlineResource xmlns:xlink="http://www.w3.org/1999/xlink" xlink:type="simple" xlink:href="http://www.ign.es"/>
				</Attribution>
				<Identifier authority="IGN">MapaRaster_fondo</Identifier>
				<MetadataURL type="ISO19115:2003">
					<Format>text/plain</Format>
					<OnlineResource xlink:type="simple" xlink:href="https://www.gebco.net/data_and_products/gebco_web_services/web_map_service/mapserv?request=GetMetadata&amp;layer=GEBCO_LATEST_SUB_ICE_TOPO"/>
				</MetadataURL>
				<Style>
					<Name>default</Name>
					<Title>Estilo por defecto de visualización</Title>
					<Abstract>Estilo por defecto de visualización</Abstract>
				</Style>
			</Layer>
		</Layer>
	</Capability>
</WMS_Capabilities>
