<?xml version="1.0" encoding="UTF-8"?>
<WMS_Capabilities xmlns:srv="http://schemas.opengis.net/iso/19139/20060504/srv/srv.xsd" xmlns:gmd="http://schemas.opengis.net/iso/19139/20060504/gmd/gmd.xsd" xmlns:gco="http://schemas.opengis.net/iso/19139/20060504/gco/gco.xsd" xmlns:inspire_vs="http://inspire.ec.europa.eu/schemas/inspire_vs/1.0" xmlns:gml="http://schemas.opengis.net/gml" xmlns:inspire_common="http://inspire.ec.europa.eu/schemas/common/1.0" version="1.3.0" updateSequence="2619" xmlns="http://www.opengis.net/wms" xmlns:xlink="http://www.w3.org/1999/xlink" xmlns:xsi="http://www.w3.org/2001/XMLSchema-instance" xsi:schemaLocation="http://www.opengis.net/wms http://inspire.ec.europa.eu/schemas/inspire_vs/1.0/inspire_vs.xsd">   
  <Service>
		<Name>WMS</Name>
		<Title>Ortoimágenes de España (satélite Sentinel2 y ortofotos del PNOA máxima actualidad)</Title>
		<Abstract>Ortofotos de máxima actualidad del proyecto PNOA (Plan Nacional de Ortofotografía Aérea) visibles a partir de una escala aproximada 1:70.000. Para escalas menores se visualizan las imágenes de satélite Sentinel2 de 10 metros de resolución. Ortoimagen Melilla: Pléiades Neo © Airbus DS (2022). La cobertura PNOA está constituida por mosaicos de distinta fecha de adquisición y distinta resolución (50 y 25 cm). Esta información puede consultarse mediante la capa Mosaico que se representa según el estilo por defecto definido en Inspire. Los datos PNOA se actualizan varias veces al año y los datos Sentinel2 se actualizan semestralmente. Estas actualizaciones se anuncian en el canal RSS del IGN (https://www.ign.es/ign/rss). Servicio de visualización WMS 1.3.0 conforme al perfil Inspire de ISO 19128:2005.</Abstract>
		<KeywordList>
			<Keyword>Ortoimágenes</Keyword>
			<Keyword>Infraestructura de Datos Espaciales</Keyword>
			<Keyword>IDEE</Keyword>
			<Keyword>Sistema Cartográfico Nacional</Keyword>
			<Keyword>SCNE</Keyword>
			<Keyword>Fondo Español de Garantía Agraria</Keyword>
			<Keyword>Dirección General de Catastro</Keyword>
			<Keyword>Comunidad Autónoma de Aragón</Keyword>
			<Keyword>Canarias</Keyword>
			<Keyword>Catalunya</Keyword>
			<Keyword>Comunitat Valenciana</Keyword>
			<Keyword>Comunidad Foral de Navarra</Keyword>
			<Keyword>Comunidad Autónoma de La Rioja</Keyword>
			<Keyword>Comunidad de Extremadura</Keyword>
			<Keyword>Comunidad de Madrid</Keyword>
			<Keyword>Diputación de Alicante</Keyword>
			<Keyword>País Vasco / Euskadi</Keyword>
			<Keyword>Castilla y León</Keyword>
			<Keyword>Comunidades Autónomas de Galicia</Keyword>
			<Keyword>CNIG</Keyword>
			<Keyword>Instituto Geográfico Nacional</Keyword>
			<Keyword>IGN</Keyword>
			<Keyword>Centro Nacional de Información Geográfica</Keyword>
			<Keyword>PNT</Keyword>
			<Keyword>España</Keyword>
			
			<Keyword vocabulary="ISO 19119 geographic services taxonomy, version 2.3">InfoMapAccessService</Keyword> 
			<Keyword vocabulary="ISO 19119 geographic services taxonomy, version 2.3">InfoManagementService</Keyword>
		</KeywordList>
		<OnlineResource xlink:type="simple" xlink:href="https://www.ign.es"/>
		<ContactInformation>
			<ContactPersonPrimary>
				<ContactPerson/>
				<ContactOrganization>Infraestructura de Datos Espaciales de España (IDEE)</ContactOrganization>
			</ContactPersonPrimary>
			<ContactPosition>pointOfContact</ContactPosition>
			<ContactElectronicMailAddress>ign@transportes.gob.es</ContactElectronicMailAddress>
		</ContactInformation>
		<Fees>No se aplican condiciones</Fees>
		<AccessConstraints>CC BY 4.0 scne.es</AccessConstraints>
		<MaxWidth>4096</MaxWidth>
		<MaxHeight>4096</MaxHeight>
	</Service>
	<Capability>
		<Request>
			<GetCapabilities>
				<Format>text/xml</Format>
				<DCPType>
					<HTTP>
						<Get>
							<OnlineResource xlink:type="simple" xlink:href="https://www.ign.es/wms-inspire/pnoa-ma?SERVICE=WMS&amp;"/>
						</Get>
						<Post>
							<OnlineResource xlink:type="simple" xlink:href="https://www.ign.es/wms-inspire/pnoa-ma?SERVICE=WMS&amp;"/>
						</Post>
					</HTTP>
				</DCPType>
			</GetCapabilities>
			<GetMap>
				<Format>image/png</Format>
				<Format>image/jpeg</Format>
				<Format>image/gif</Format>
				<Format>image/tiff</Format>
				<Format>image/png; mode=8bit</Format>
				<Format>application/x-pdf</Format>
				<Format>image/svg+xml</Format>
				<DCPType>
					<HTTP>
						<Get>
							<OnlineResource xlink:type="simple" xlink:href="https://www.ign.es/wms-inspire/pnoa-ma?SERVICE=WMS&amp;"/>
						</Get>
					</HTTP>
				</DCPType>
			</GetMap>
			<GetFeatureInfo>
				<Format>text/html</Format>
				<Format>text/plain</Format>
				<Format>application/vnd.ogc.gml</Format>
				<Format>application/json</Format>
				<DCPType>
					<HTTP>
						<Get>
							<OnlineResource xmlns:xlink="http://www.w3.org/1999/xlink" xlink:type="simple" xlink:href="https://www.ign.es/wms-inspire/pnoa-ma?SERVICE=WMS&amp;"/>
						</Get>
						<Post>
							<OnlineResource xmlns:xlink="http://www.w3.org/1999/xlink" xlink:type="simple" xlink:href="https://www.ign.es/wms-inspire/pnoa-ma?SERVICE=WMS&amp;"/>
						</Post>
					</HTTP>
				</DCPType>
			</GetFeatureInfo>
		</Request>
		<Exception>
			<Format>XML</Format>
			<Format>INIMAGE</Format>
			<Format>BLANK</Format>
		</Exception>
		<inspire_vs:ExtendedCapabilities>
			<inspire_common:MetadataUrl xsi:type="inspire_common:resourceLocatorType">
				<inspire_common:URL>https://www.idee.es/csw-inspire-idee/srv/spa/csw?Service=CSW&amp;Request=GetRecordById&amp;Version=2.0.2&amp;id=spaignwms_ortoimagenes&amp;outputSchema=http://www.isotc211.org/2005/gmd&amp;elementSetName=full</inspire_common:URL>
				<inspire_common:MediaType>application/vnd.ogc.csw.GetRecordByIdResponse_xml</inspire_common:MediaType>
			</inspire_common:MetadataUrl>
			<inspire_common:SupportedLanguages xsi:type="inspire_common:supportedLanguagesType">
				<inspire_common:DefaultLanguage>
					<inspire_common:Language>spa</inspire_common:Language>
				</inspire_common:DefaultLanguage>
				<inspire_common:SupportedLanguage>
					<inspire_common:Language>eng</inspire_common:Language>
				</inspire_common:SupportedLanguage>
			</inspire_common:SupportedLanguages>
			<inspire_common:ResponseLanguage>
				<inspire_common:Language>spa</inspire_common:Language>
			</inspire_common:ResponseLanguage>
		</inspire_vs:ExtendedCapabilities>		
		<Layer>
			<Title>Ortofotos PNOA máxima actualidad</Title>
			<Abstract>Ortofotos de máxima actualidad del proyecto PNOA (Plan Nacional de Ortofotografía Aérea) visibles a partir de una escala aproximada 1:70.000. Para escalas menores se visualizan las imágenes de satélite Sentinel2 de 10 metros de resolución. Ortoimagen Melilla: Pléiades Neo © Airbus DS (2022). La cobertura PNOA está constituida por mosaicos de distinta fecha de adquisición y distinta resolución (50 y 25 cm). Esta información puede consultarse mediante la capa Mosaico que se representa según el estilo por defecto definido en Inspire.</Abstract>
			<CRS>EPSG:25830</CRS>
			<CRS>EPSG:32630</CRS>
			<CRS>EPSG:32631</CRS>
			<CRS>EPSG:4258</CRS>
			<CRS>EPSG:4326</CRS>
			<CRS>EPSG:4230</CRS>
			<CRS>EPSG:25828</CRS>
			<CRS>EPSG:25829</CRS>
			<CRS>EPSG:25831</CRS>
			<CRS>EPSG:32628</CRS>
			<CRS>EPSG:32629</CRS>
			<CRS>EPSG:32631</CRS>
			<CRS>EPSG:23029</CRS>
			<CRS>EPSG:23030</CRS>							 
			<CRS>EPSG:23031</CRS>
			<CRS>EPSG:3857</CRS>
			<CRS>EPSG:4080</CRS>
			<CRS>EPSG:4081</CRS>
			<CRS>EPSG:4082</CRS>
			<CRS>EPSG:4083</CRS>
			<CRS>CRS:84</CRS>
			<EX_GeographicBoundingBox>
					<westBoundLongitude>-179.9776170624479</westBoundLongitude>
					<eastBoundLongitude>179.98380907998182</eastBoundLongitude>
					<southBoundLatitude>-73.51695785571678</southBoundLatitude>
					<northBoundLatitude>84.650213009049</northBoundLatitude>
			</EX_GeographicBoundingBox>
					<BoundingBox CRS="CRS:84" minx="-179.9776170624479" miny="-73.51695785571678" maxx="179.9838090799818" maxy="84.650213009049"/>								
					<BoundingBox CRS="EPSG:25828" minx="-4.13963e+06" miny="-1.98942e+07" maxx="4.63087e+06" maxy="1.97491e+07"/>
					<BoundingBox CRS="EPSG:25829" minx="-4.56875e+06" miny="-1.98965e+07" maxx="4.27964e+06" maxy="1.97547e+07"/>
					<BoundingBox CRS="EPSG:25830" minx="-5.03873e+06" miny="-1.98977e+07" maxx="3.96149e+06" maxy="1.97575e+07"/>
					<BoundingBox CRS="EPSG:25831" minx="-5.5511e+06" miny="-1.98977e+07" maxx="3.6666e+06" maxy="1.97576e+07"/>
					<BoundingBox CRS="EPSG:23029" minx="-4.56898e+06" miny="-1.98972e+07" maxx="4.27982e+06" maxy="1.97553e+07"/>
					<BoundingBox CRS="EPSG:23028" minx="-4.13984e+06" miny="-1.98949e+07" maxx="4.63107e+06" maxy="1.97497e+07"/>
					<BoundingBox CRS="EPSG:23030" minx="-5.03897e+06" miny="-1.98983e+07" maxx="3.96165e+06" maxy="1.97581e+07"/>
					<BoundingBox CRS="EPSG:23031" minx="-5.55136e+06" miny="-1.98984e+07" maxx="3.66675e+06" maxy="1.97583e+07"/>
					<BoundingBox CRS="EPSG:4326" minx="-77.9087" miny="-165.021" maxx="84.6502" maxy="180.292"/>
					<BoundingBox CRS="EPSG:4258" minx="-77.9087" miny="-165.021" maxx="84.6502" maxy="180.292"/>
					<BoundingBox CRS="EPSG:4230" minx="-77.9087" miny="-165.021" maxx="84.6502" maxy="180.292"/>
					<BoundingBox CRS="EPSG:3857" minx="-1.837e+07" miny="-1.432e+07" maxx="2.007e+07" maxy="1.954e+07"/>
					<BoundingBox CRS="EPSG:32630" minx="-5.03873e+06" miny="-1.98977e+07" maxx="3.96149e+06" maxy="1.97575e+07"/>
					<BoundingBox CRS="EPSG:4080" minx="27.0" miny="-19" maxx="44.0" maxy="5.0"/>
					<BoundingBox CRS="EPSG:4081" minx="27.0" miny="-19" maxx="44.0" maxy="5.0"/>
					<BoundingBox CRS="EPSG:4082" minx="698454.2342173122" miny="2988008.138279638" maxx="2584853.4520357135" maxy="5212435.61141671"/>
					<BoundingBox CRS="EPSG:4083" minx="102948.37122241489" miny="2992734.120443476" maxx="2104071.2471466046" maxy="5070480.704236423"/>
				<AuthorityURL name="SCNE">
				<OnlineResource xmlns:xlink="http://www.w3.org/1999/xlink" xlink:type="simple" xlink:href="https://www.scne.es"/>
			</AuthorityURL>
			<Layer queryable="1">
				<Name>OI.MosaicElement</Name>
				<Title>Mosaico</Title>
				<Abstract>Zonas de delimitación de las imágenes que contribuyen en la creación de los mosaicos de ortofotos de la misma fecha de adquisición</Abstract>
				<KeywordList>
					<Keyword>Ortofotografías</Keyword>
					<Keyword>Ortofotos</Keyword>
					<Keyword>PNOA</Keyword>
					<Keyword>España</Keyword>
				</KeywordList>
				<EX_GeographicBoundingBox>
					<westBoundLongitude>-19.00</westBoundLongitude>
					<eastBoundLongitude>5.00</eastBoundLongitude>
					<southBoundLatitude>27.00</southBoundLatitude>
					<northBoundLatitude>44.00</northBoundLatitude>
				</EX_GeographicBoundingBox>
				<BoundingBox CRS="CRS:84" minx="-19.0" miny="27.0" maxx="5.0" maxy="44.0"/>
				<BoundingBox CRS="EPSG:25830" minx="-1099673.713793886" miny="2986435.242554414" maxx="1295248.9457834428" maxy="4998012.359900884"/>			
				<BoundingBox CRS="EPSG:32630" minx="-1099673.7137993197" miny="2986435.2425578996" maxx="1295248.9457861297" maxy="4998012.359913771"/>	
				<BoundingBox CRS="EPSG:4258" minx="27.000000000763837" miny="-19.0" maxx="44.00000000094271" maxy="5.0"/>
				<BoundingBox CRS="EPSG:4326" minx="27.0" miny="-19.0" maxx="44.0" maxy="5.0"/>
				<BoundingBox CRS="EPSG:4230" minx="27.0" miny="-19.0" maxx="44.0" maxy="5.0"/>
				<BoundingBox CRS="EPSG:25828" minx="102948.37120930111" miny="2986435.242554414" maxx="2508202.7078586714" maxy="5070480.910938781"/>
				<BoundingBox CRS="EPSG:25829" minx="-495135.75545113813" miny="2988008.138364256" maxx="1897204.2192702503" maxy="4968139.496965927"/>
				<BoundingBox CRS="EPSG:25831" minx="-1714549.1480570585" miny="2988008.138364256" maxx="698454.234216212" maxy="5113259.329838102"/>
				<BoundingBox CRS="EPSG:32628" minx="102948.37120796047" miny="2986435.2425578996" maxx="2508202.7078655367" maxy="5070480.910951035"/>
				<BoundingBox CRS="EPSG:32629" minx="-495135.75545450323" miny="2988008.1383677055" maxx="1897204.2192749865" maxy="4968139.496979078"/>
				<BoundingBox CRS="EPSG:32631" minx="-1714549.148064664" miny="2988008.1383677055" maxx="698454.2342168819" maxy="5113259.329849991"/>
				<BoundingBox CRS="EPSG:3857" minx="-2115070.325072198" miny="3123471.749104576" maxx="556597.4539663679" maxy="5465442.183322753"/>
				<BoundingBox CRS="EPSG:23029" minx="453232.16" miny="4002993.85" maxx="1622799.23" maxy="4968233.16"/>	
				<BoundingBox CRS="EPSG:23030" minx="-86780.31" miny="4022622.27" maxx="1141492.98" maxy="4903175.90"/>
				<BoundingBox CRS="EPSG:23031" minx="-628724.14" miny="4076330.91" maxx="660356.81" maxy="4873906.61"/>
				<BoundingBox CRS="EPSG:4080" minx="27.0" miny="-19" maxx="44.0" maxy="5.0"/>
				<BoundingBox CRS="EPSG:4081" minx="27.0" miny="-19" maxx="44.0" maxy="5.0"/>
				<BoundingBox CRS="EPSG:4082" minx="698454.2342173122" miny="2988008.138279638" maxx="2584853.4520357135" maxy="5212435.61141671"/>
				<BoundingBox CRS="EPSG:4083" minx="102948.37122241489" miny="2992734.120443476" maxx="2104071.2471466046" maxy="5070480.704236423"/>
				<Attribution>
					<Title>Sistema Cartográfico Nacional</Title>
					<OnlineResource xmlns:xlink="http://www.w3.org/1999/xlink" xlink:type="simple" xlink:href="https://www.scne.es"/>
				</Attribution>
				<Identifier authority="SCNE">MosaicElement</Identifier>
				<MetadataURL type="ISO19115:2003">
					<Format>text/plain</Format>
					<OnlineResource xlink:type="simple" xlink:href="https://www.idee.es/csw-inspire-idee/srv/spa/csw?SERVICE=CSW&amp;VERSION=2.0.2&amp;REQUEST=GetRecordById&amp;outputSchema=http://www.isotc211.org/2005/gmd&amp;ElementSetName=full&amp;ID=spaignPNOAMA"/>
				</MetadataURL>		  
				<Style>
					<Name>OI.MosaicElement.Default</Name>
					<Title>Estilo por defecto del mosaico</Title>
					<Abstract>El mosaico se representa mediante líneas magenta (#ff00ff) de 1 pixel de ancho, sin relleno. El atributo fecha asociado a cada geometría se representa mediante una etiqueta de texto en Arial 10 en color magenta (#ff00ff).</Abstract>
					<LegendURL width="125" height="21">
						<Format>image/png</Format>
						<OnlineResource xmlns:xlink="http://www.w3.org/1999/xlink" xlink:type="simple" xlink:href="https://www.ign.es/wms-inspire/pnoa-ma/leyendas/mosaico.png"/>
					</LegendURL>
				</Style>
			</Layer>
			<Layer queryable="0">
				<Name>OI.OrthoimageCoverage</Name>
				<Title>Ortoimagen</Title>
				<Abstract>Cobertura ráster opaca de imágenes de satélite y ortofotos PNOA de máxima actualidad (MA). Rangos de visualización: Imagen Sentinel2 de 10 m de resolución hasta la escala aproximada 1:70 000; a partir de aquí ortofotografías PNOA MA de 0.25 m o 0.50 m de resolución, según la zona. Ortoimagen Melilla: Pléiades Neo © Airbus DS (2022).</Abstract>
				<KeywordList>
					<Keyword>Ortofotografías</Keyword>
					<Keyword>Ortofotos</Keyword>
					<Keyword>PNOA</Keyword>
					<Keyword>España</Keyword>
				</KeywordList>
				<EX_GeographicBoundingBox>
					<westBoundLongitude>-19.00</westBoundLongitude>
					<eastBoundLongitude>5.00</eastBoundLongitude>
					<southBoundLatitude>27.00</southBoundLatitude>
					<northBoundLatitude>44.00</northBoundLatitude>
				</EX_GeographicBoundingBox>
				<BoundingBox CRS="CRS:84" minx="-19.0" miny="27.0" maxx="5.0" maxy="44.0"/>
				<BoundingBox CRS="EPSG:25830" minx="-1099673.713793886" miny="2986435.242554414" maxx="1295248.9457834428" maxy="4998012.359900884"/>			
				<BoundingBox CRS="EPSG:32630" minx="-1099673.7137993197" miny="2986435.2425578996" maxx="1295248.9457861297" maxy="4998012.359913771"/>	
				<BoundingBox CRS="EPSG:4258" minx="27.000000000763837" miny="-19.0" maxx="44.00000000094271" maxy="5.0"/>
				<BoundingBox CRS="EPSG:4326" minx="27.0" miny="-19.0" maxx="44.0" maxy="5.0"/>
				<BoundingBox CRS="EPSG:4230" minx="27.0" miny="-19.0" maxx="44.0" maxy="5.0"/>
				<BoundingBox CRS="EPSG:25828" minx="102948.37120930111" miny="2986435.242554414" maxx="2508202.7078586714" maxy="5070480.910938781"/>
				<BoundingBox CRS="EPSG:25829" minx="-495135.75545113813" miny="2988008.138364256" maxx="1897204.2192702503" maxy="4968139.496965927"/>
				<BoundingBox CRS="EPSG:25831" minx="-1714549.1480570585" miny="2988008.138364256" maxx="698454.234216212" maxy="5113259.329838102"/>
				<BoundingBox CRS="EPSG:32628" minx="102948.37120796047" miny="2986435.2425578996" maxx="2508202.7078655367" maxy="5070480.910951035"/>
				<BoundingBox CRS="EPSG:32629" minx="-495135.75545450323" miny="2988008.1383677055" maxx="1897204.2192749865" maxy="4968139.496979078"/>
				<BoundingBox CRS="EPSG:32631" minx="-1714549.148064664" miny="2988008.1383677055" maxx="698454.2342168819" maxy="5113259.329849991"/>
				<BoundingBox CRS="EPSG:3857" minx="-2115070.325072198" miny="3123471.749104576" maxx="556597.4539663679" maxy="5465442.183322753"/>
				<BoundingBox CRS="EPSG:23029" minx="453232.16" miny="4002993.85" maxx="1622799.23" maxy="4968233.16"/>	
				<BoundingBox CRS="EPSG:23030" minx="-86780.31" miny="4022622.27" maxx="1141492.98" maxy="4903175.90"/>
				<BoundingBox CRS="EPSG:23031" minx="-628724.14" miny="4076330.91" maxx="660356.81" maxy="4873906.61"/>
				<BoundingBox CRS="EPSG:4080" minx="27.0" miny="-19" maxx="44.0" maxy="5.0"/>
				<BoundingBox CRS="EPSG:4081" minx="27.0" miny="-19" maxx="44.0" maxy="5.0"/>
				<BoundingBox CRS="EPSG:4082" minx="698454.2342173122" miny="2988008.138279638" maxx="2584853.4520357135" maxy="5212435.61141671"/>
				<BoundingBox CRS="EPSG:4083" minx="102948.37122241489" miny="2992734.120443476" maxx="2104071.2471466046" maxy="5070480.704236423"/>
				<Attribution>
					<Title>Sistema Cartográfico Nacional</Title>
					<OnlineResource xmlns:xlink="http://www.w3.org/1999/xlink" xlink:type="simple" xlink:href="https://www.scne.es"/>
				</Attribution>
				<Identifier authority="SCNE">OrthoimageCoverage</Identifier>
				<MetadataURL type="ISO19115:2003">
					<Format>text/plain</Format>
					<OnlineResource xlink:type="simple" xlink:href="https://www.idee.es/csw-inspire-idee/srv/spa/csw?Service=CSW&amp;Request=GetRecordById&amp;Version=2.0.2&amp;id=spaignMosaicoSentinel2&amp;outputSchema=http://www.isotc211.org/2005/gmd&amp;elementSetName=full"/>
				</MetadataURL>
				<MetadataURL type="ISO19115:2003">
					<Format>text/plain</Format>
					<OnlineResource xlink:type="simple" xlink:href="https://www.idee.es/csw-inspire-idee/srv/spa/csw?SERVICE=CSW&amp;VERSION=2.0.2&amp;REQUEST=GetRecordById&amp;outputSchema=http://www.isotc211.org/2005/gmd&amp;ElementSetName=full&amp;ID=spaignPNOA2020"/>
				</MetadataURL>
				<MetadataURL type="ISO19115:2003">
					<Format>text/plain</Format>
					<OnlineResource xlink:type="simple" xlink:href="https://www.idee.es/csw-inspire-idee/srv/spa/csw?SERVICE=CSW&amp;VERSION=2.0.2&amp;REQUEST=GetRecordById&amp;outputSchema=http://www.isotc211.org/2005/gmd&amp;ElementSetName=full&amp;ID=spaignPNOA2021"/>
				</MetadataURL>
				<MetadataURL type="ISO19115:2003">
					<Format>text/plain</Format>
					<OnlineResource xlink:type="simple" xlink:href="https://www.idee.es/csw-inspire-idee/srv/spa/csw?SERVICE=CSW&amp;VERSION=2.0.2&amp;REQUEST=GetRecordById&amp;outputSchema=http://www.isotc211.org/2005/gmd&amp;ElementSetName=full&amp;ID=spaignPNOA2022"/>
				</MetadataURL>
				<MetadataURL type="ISO19115:2003">
					<Format>text/plain</Format>
					<OnlineResource xlink:type="simple" xlink:href="https://www.idee.es/csw-inspire-idee/srv/spa/csw?SERVICE=CSW&amp;VERSION=2.0.2&amp;REQUEST=GetRecordById&amp;outputSchema=http://www.isotc211.org/2005/gmd&amp;ElementSetName=full&amp;ID=spaignPNOA2023"/>
				</MetadataURL>
				<Style>
					<Name>OI.OrthoimageCoverage.Default</Name>
					<Title>Estilo por defecto de la ortoimagen</Title>
					<Abstract>La cobertura de ortoimágenes se renderizan como datos raster</Abstract>
					<LegendURL width="125" height="21">
						<Format>image/png</Format>
						<OnlineResource xmlns:xlink="http://www.w3.org/1999/xlink" xlink:type="simple" xlink:href="https://www.ign.es/wms-inspire/pnoa-ma/leyendas/pnoa-ma.png"/>
					</LegendURL>
				</Style>
			</Layer>
				<Layer queryable="0">
				<Name>fondo</Name>
				<Title>Fondo</Title>
				<Abstract>Imagen de satélite, en color verdadero. Gran parte de la información contenida en esta imagen provino de un solo dispositivo de detección remota: el espectrorradiómetro de imágenes de resolución moderada de la NASA, o MODIS. Las partes terrestres y oceánicas costeras de estas imágenes se basan en observaciones de la superficie recopiladas de junio a septiembre de 2001 y combinadas, o compuestas, cada ocho días para compensar las nubes que podían bloquear la vista del sensor de la superficie en un solo día.</Abstract>
				<KeywordList>
					<Keyword>Fondo</Keyword>
					<Keyword>Mundo</Keyword>
					<Keyword>MODIS</Keyword>
					<Keyword>NASA</Keyword>
					</KeywordList>
				<EX_GeographicBoundingBox>
					<westBoundLongitude>-179.9776170624479</westBoundLongitude>
					<eastBoundLongitude>179.98380907998182</eastBoundLongitude>
					<southBoundLatitude>-73.51695785571678</southBoundLatitude>
					<northBoundLatitude>84.650213009049</northBoundLatitude>
				</EX_GeographicBoundingBox>
					<BoundingBox CRS="CRS:84" minx="-179.9776170624479" miny="-73.51695785571678" maxx="179.9838090799818" maxy="84.650213009049"/>
					<BoundingBox CRS="EPSG:25828" minx="-4.13963e+06" miny="-1.98942e+07" maxx="4.63087e+06" maxy="1.97491e+07"/>
					<BoundingBox CRS="EPSG:25829" minx="-4.56875e+06" miny="-1.98965e+07" maxx="4.27964e+06" maxy="1.97547e+07"/>
					<BoundingBox CRS="EPSG:25830" minx="-5.03873e+06" miny="-1.98977e+07" maxx="3.96149e+06" maxy="1.97575e+07"/>
					<BoundingBox CRS="EPSG:25831" minx="-5.5511e+06" miny="-1.98977e+07" maxx="3.6666e+06" maxy="1.97576e+07"/>
					<BoundingBox CRS="EPSG:23029" minx="-4.56898e+06" miny="-1.98972e+07" maxx="4.27982e+06" maxy="1.97553e+07"/>
					<BoundingBox CRS="EPSG:23028" minx="-4.13984e+06" miny="-1.98949e+07" maxx="4.63107e+06" maxy="1.97497e+07"/>
					<BoundingBox CRS="EPSG:23030" minx="-5.03897e+06" miny="-1.98983e+07" maxx="3.96165e+06" maxy="1.97581e+07"/>
					<BoundingBox CRS="EPSG:23031" minx="-5.55136e+06" miny="-1.98984e+07" maxx="3.66675e+06" maxy="1.97583e+07"/>
					<BoundingBox CRS="EPSG:4326" minx="-77.9087" miny="-165.021" maxx="84.6502" maxy="180.292"/>
					<BoundingBox CRS="EPSG:4258" minx="-77.9087" miny="-165.021" maxx="84.6502" maxy="180.292"/>
					<BoundingBox CRS="EPSG:4230" minx="-77.9087" miny="-165.021" maxx="84.6502" maxy="180.292"/>
					<BoundingBox CRS="EPSG:3857" minx="-1.837e+07" miny="-1.432e+07" maxx="2.007e+07" maxy="1.954e+07"/>
					<BoundingBox CRS="EPSG:32630" minx="-5.03873e+06" miny="-1.98977e+07" maxx="3.96149e+06" maxy="1.97575e+07"/>
					<BoundingBox CRS="EPSG:32720" minx="400170" miny="2690880" maxx="1004110" maxy="3222410"/>
					<BoundingBox CRS="EPSG:4080" minx="27.0" miny="-19" maxx="44.0" maxy="5.0"/>
					<BoundingBox CRS="EPSG:4081" minx="27.0" miny="-19" maxx="44.0" maxy="5.0"/>
					<BoundingBox CRS="EPSG:4082" minx="698454.2342173122" miny="2988008.138279638" maxx="2584853.4520357135" maxy="5212435.61141671"/>
					<BoundingBox CRS="EPSG:4083" minx="102948.37122241489" miny="2992734.120443476" maxx="2104071.2471466046" maxy="5070480.704236423"/>
				<Attribution>
					<Title>NASA</Title>
					<OnlineResource xmlns:xlink="http://www.w3.org/1999/xlink" xlink:type="simple" xlink:href="https://visibleearth.nasa.gov/images/57752/blue-marble-land-surface-shallow-water-and-shaded-topography"/>
				</Attribution>
				<Identifier authority="NASA">land_shallow_topo</Identifier>
				<MetadataURL type="ISO19115:2003">
					<Format>text/plain</Format>
					<OnlineResource xlink:type="simple" xlink:href="https://www.idee.es/csw-inspire-idee/srv/spa/csw?SERVICE=CSW&amp;VERSION=2.0.2&amp;REQUEST=GetRecordById&amp;outputSchema=http://www.isotc211.org/2005/gmd&amp;ElementSetName=full&amp;ID=spaignPNOAMA"/>
				</MetadataURL>					
				<Style>
					<Name>fondo.Default</Name>
					<Title>Estilo por defecto del fondo</Title>
					<Abstract>Estilo por defecto de visualizacion</Abstract>
					<LegendURL width="125" height="21">
						<Format>image/png</Format>
						<OnlineResource xmlns:xlink="http://www.w3.org/1999/xlink" xlink:type="simple" xlink:href="https://www.ign.es/wms-inspire/pnoa-ma/leyendas/pnoa-ma.png"/>
					</LegendURL>
				</Style>
			</Layer>
		</Layer>
	</Capability>
</WMS_Capabilities>
