<?xml version="1.0" encoding="UTF-8"?>
<customWmsMapSource>
    <name>enc4 on WMS - Cartas Náuticas Electrónicas de propósito 4 (escalas 1:22.000 - 1:90.000)</name>
    <version>1.3.0</version>
    <minZoom>0</minZoom>
    <maxZoom>23</maxZoom>
    <tileType>png</tileType>
    <url>https://ideihm.covam.es/wms/cartaENCp4?language=spa&amp;</url>
    <coordinatesystem>EPSG:3857</coordinatesystem>
    <layers>SOUNDG,grupo_2,WRECKS_P,grupo_1,LIGHTS,ENC_ES4</layers>
    <styles>default,default,default,default,default,default</styles>
    <north>5816910.0</north>
    <east>1233640.0</east>
    <south>2211480.0</south>
    <west>-2521750.0</west>
    <backgroundColor>#000000</backgroundColor>
    <aditionalparameters>&amp;transparent=true</aditionalparameters>
</customWmsMapSource>
