<?xml version="1.0" encoding="UTF-8"?><WMS_Capabilities version="1.3.0" updateSequence="681" xmlns="http://www.opengis.net/wms" xmlns:xlink="http://www.w3.org/1999/xlink" xmlns:xsi="http://www.w3.org/2001/XMLSchema-instance" xsi:schemaLocation="http://www.opengis.net/wms https://wms.mapa.gob.es/sigpac/schemas/wms/1.3.0/capabilities_1_3_0.xsd">
  <Service>
    <Name>WMS</Name>
    <Title>Servicio WMS Sigpac</Title>
    <Abstract>Servicio de WMS Sigpac que proporciona las capas de recintos, elementos del paisaje y declaración</Abstract>
    <KeywordList>
      <Keyword>SIGPAC</Keyword>
      <Keyword>WMS SIGPAC</Keyword>
    </KeywordList>
    <OnlineResource xlink:type="simple" xlink:href="https://wms.mapa.gob.es/sigpac/"/>
    <ContactInformation>
      <ContactPersonPrimary>
        <ContactPerson>cau_sigpac</ContactPerson>
        <ContactOrganization>Fondo Español de Garantía Agraria (FEGA)</ContactOrganization>
      </ContactPersonPrimary>
      <ContactPosition>Fondo Español de Garantía Agraria (FEGA), Subdirección General de Ayudas Directas - Ministerio de Agricultura, Pesca y Alimentación  (MAPA)</ContactPosition>
      <ContactAddress>
        <AddressType>Calle</AddressType>
        <Address>Beneficencia nº 8</Address>
        <City>Madrid</City>
        <StateOrProvince>Madrid</StateOrProvince>
        <PostCode>28004</PostCode>
        <Country>España</Country>
      </ContactAddress>
      <ContactVoiceTelephone>(+34) 91 347 64 68</ContactVoiceTelephone>
      <ContactFacsimileTelephone>(+34) 91 347 64 65</ContactFacsimileTelephone>
      <ContactElectronicMailAddress>cau-sigpac@tragsa.es</ContactElectronicMailAddress>
    </ContactInformation>
    <Fees>Ninguna</Fees>
    <AccessConstraints>Ninguna</AccessConstraints>
  </Service>
  <Capability>
    <Request>
      <GetCapabilities>
        <Format>text/xml</Format>
        <DCPType>
          <HTTP>
            <Get>
              <OnlineResource xlink:type="simple" xlink:href="https://wms.mapa.gob.es/sigpac/ows?SERVICE=WMS&amp;"/>
            </Get>
            <Post>
              <OnlineResource xlink:type="simple" xlink:href="https://wms.mapa.gob.es/sigpac/ows?SERVICE=WMS&amp;"/>
            </Post>
          </HTTP>
        </DCPType>
      </GetCapabilities>
      <GetMap>
        <Format>image/png</Format>
        <Format>image/jpeg</Format>
        <DCPType>
          <HTTP>
            <Get>
              <OnlineResource xlink:type="simple" xlink:href="https://wms.mapa.gob.es/sigpac/ows?SERVICE=WMS&amp;"/>
            </Get>
          </HTTP>
        </DCPType>
      </GetMap>
      <GetFeatureInfo>
        <Format>text/html</Format>
        <Format>application/json</Format>
        <DCPType>
          <HTTP>
            <Get>
              <OnlineResource xlink:type="simple" xlink:href="https://wms.mapa.gob.es/sigpac/ows?SERVICE=WMS&amp;"/>
            </Get>
          </HTTP>
        </DCPType>
      </GetFeatureInfo>
    </Request>
    <Exception>
      <Format>XML</Format>
      <Format>INIMAGE</Format>
      <Format>BLANK</Format>
      <Format>JSON</Format>
    </Exception>
    <Layer>
      <Title>Servicio WMS Sigpac</Title>
      <Abstract>Servicio de WMS Sigpac que proporciona las capas de recintos, elementos del paisaje y declaración</Abstract>
      <!--Limited list of EPSG projections:-->
      <CRS>EPSG:3857</CRS>
      <CRS>EPSG:4326</CRS>
      <CRS>EPSG:4258</CRS>
      <CRS>EPSG:25829</CRS>
      <CRS>EPSG:25830</CRS>
      <CRS>EPSG:25831</CRS>
      <CRS>EPSG:4083</CRS>
      <CRS>CRS:84</CRS>
      <EX_GeographicBoundingBox>
        <westBoundLongitude>-9.35373020172119</westBoundLongitude>
        <eastBoundLongitude>4.36433506011963</eastBoundLongitude>
        <southBoundLatitude>36.00796</southBoundLatitude>
        <northBoundLatitude>43.8127136230469</northBoundLatitude>
      </EX_GeographicBoundingBox>
      <BoundingBox CRS="CRS:84" minx="-9.35373020172119" miny="36.00796" maxx="4.36433506011963" maxy="43.8127136230469"/>
      <AuthorityURL name="MAPA">
        <OnlineResource xlink:type="simple" xlink:href="https://www.mapa.gob.es"/>
      </AuthorityURL>
      <Layer queryable="1" opaque="0">
        <Name>AU.Sigpac:e_paisaje</Name>
        <Title>E.Paisaje-Área</Title>
        <Abstract/>
        <KeywordList>
          <Keyword>wms_e_paisaje</Keyword>
          <Keyword>features</Keyword>
        </KeywordList>
        <CRS>EPSG:4258</CRS>
        <CRS>CRS:84</CRS>
        <EX_GeographicBoundingBox>
          <westBoundLongitude>-9.35373020172119</westBoundLongitude>
          <eastBoundLongitude>4.36433506011963</eastBoundLongitude>
          <southBoundLatitude>36.00796</southBoundLatitude>
          <northBoundLatitude>43.8127136230469</northBoundLatitude>
        </EX_GeographicBoundingBox>
        <BoundingBox CRS="CRS:84" minx="-9.35373020172119" miny="36.00796" maxx="4.36433506011963" maxy="43.8127136230469"/>
        <BoundingBox CRS="EPSG:4258" minx="36.00796" miny="-9.35373020172119" maxx="43.8127136230469" maxy="4.36433506011963"/>
        <AuthorityURL name="MAPA">
          <OnlineResource xlink:type="simple" xlink:href="http://www.mapama.gob.es"/>
        </AuthorityURL>
        <Identifier authority="MAPA">ESFEGAEEPPSIGPAC20200401001</Identifier>
        <MetadataURL type="19139">
          <Format>text/plain</Format>
          <OnlineResource xlink:type="simple" xlink:href="http://www.mapama.es/ide/metadatos/srv/spa/csw?SERVICE=CSW&amp;VERSION=2.0.2&amp;REQUEST=GetRecordById&amp;outputSchema=http://www.isotc211.org/2005/gmd&amp;ElementSetName=full&amp;ID=af7aeed6-cd6c-4456-92ff-d1026c60a27e"/>
        </MetadataURL>
        <Style>
          <Name>e_paisaje_Area</Name>
          <Title>E.Paisaje-Area</Title>
          <LegendURL width="111" height="40">
            <Format>image/png</Format>
            <OnlineResource xmlns:xlink="http://www.w3.org/1999/xlink" xlink:type="simple" xlink:href="https://wms.mapa.gob.es/sigpac/ows?service=WMS&amp;request=GetLegendGraphic&amp;format=image%2Fpng&amp;width=20&amp;height=20&amp;layer=AU.Sigpac%3Ae_paisaje"/>
          </LegendURL>
        </Style>
        <MinScaleDenominator>100.0</MinScaleDenominator>
        <MaxScaleDenominator>15000.0</MaxScaleDenominator>
      </Layer>
      <Layer queryable="1" opaque="0">
        <Name>AU.Sigpac:e_paisaje_linea</Name>
        <Title>E.Paisaje-Línea</Title>
        <Abstract>Elementos del Paisaje</Abstract>
        <KeywordList>
          <Keyword>features</Keyword>
          <Keyword>wms_e_paisaje_linea</Keyword>
        </KeywordList>
        <CRS>EPSG:4258</CRS>
        <CRS>CRS:84</CRS>
        <EX_GeographicBoundingBox>
          <westBoundLongitude>-9.35373020172119</westBoundLongitude>
          <eastBoundLongitude>4.36433506011963</eastBoundLongitude>
          <southBoundLatitude>36.00796</southBoundLatitude>
          <northBoundLatitude>43.8127136230469</northBoundLatitude>
        </EX_GeographicBoundingBox>
        <BoundingBox CRS="CRS:84" minx="-9.35373020172119" miny="36.00796" maxx="4.36433506011963" maxy="43.8127136230469"/>
        <BoundingBox CRS="EPSG:4258" minx="36.00796" miny="-9.35373020172119" maxx="43.8127136230469" maxy="4.36433506011963"/>
        <AuthorityURL name="MAPA">
          <OnlineResource xlink:type="simple" xlink:href="http://www.mapama.gob.es"/>
        </AuthorityURL>
        <Identifier authority="MAPA">ESFEGAEEPPSIGPAC20200401001</Identifier>
        <MetadataURL type="19139">
          <Format>text/plain</Format>
          <OnlineResource xlink:type="simple" xlink:href="http://www.mapama.es/ide/metadatos/srv/spa/csw?SERVICE=CSW&amp;VERSION=2.0.2&amp;REQUEST=GetRecordById&amp;outputSchema=http://www.isotc211.org/2005/gmd&amp;ElementSetName=full&amp;ID=af7aeed6-cd6c-4456-92ff-d1026c60a27e"/>
        </MetadataURL>
        <Style>
          <Name>e_paisaje_linea</Name>
          <Title>E.Paisaje - Linea</Title>
          <LegendURL width="119" height="40">
            <Format>image/png</Format>
            <OnlineResource xmlns:xlink="http://www.w3.org/1999/xlink" xlink:type="simple" xlink:href="https://wms.mapa.gob.es/sigpac/ows?service=WMS&amp;request=GetLegendGraphic&amp;format=image%2Fpng&amp;width=20&amp;height=20&amp;layer=AU.Sigpac%3Ae_paisaje_linea"/>
          </LegendURL>
        </Style>
        <MinScaleDenominator>100.0</MinScaleDenominator>
        <MaxScaleDenominator>15000.0</MaxScaleDenominator>
      </Layer>
      <Layer queryable="1" opaque="0">
        <Name>AU.Sigpac:e_paisaje_punto</Name>
        <Title>E.Paisaje-Punto</Title>
        <Abstract>Elementos del Paisaje punto</Abstract>
        <KeywordList>
          <Keyword>wms_e_paisaje_punto</Keyword>
          <Keyword>features</Keyword>
        </KeywordList>
        <CRS>EPSG:4258</CRS>
        <CRS>CRS:84</CRS>
        <EX_GeographicBoundingBox>
          <westBoundLongitude>-9.35373020172119</westBoundLongitude>
          <eastBoundLongitude>4.36433506011963</eastBoundLongitude>
          <southBoundLatitude>36.00796</southBoundLatitude>
          <northBoundLatitude>43.8127136230469</northBoundLatitude>
        </EX_GeographicBoundingBox>
        <BoundingBox CRS="CRS:84" minx="-9.35373020172119" miny="36.00796" maxx="4.36433506011963" maxy="43.8127136230469"/>
        <BoundingBox CRS="EPSG:4258" minx="36.00796" miny="-9.35373020172119" maxx="43.8127136230469" maxy="4.36433506011963"/>
        <AuthorityURL name="MAPA">
          <OnlineResource xlink:type="simple" xlink:href="http://www.mapama.gob.es"/>
        </AuthorityURL>
        <Identifier authority="MAPA">ESFEGAEEPPSIGPAC20200401001</Identifier>
        <MetadataURL type="ISO19115:2003">
          <Format>text/plain</Format>
          <OnlineResource xlink:type="simple" xlink:href="http://www.mapama.es/ide/metadatos/srv/spa/csw?SERVICE=CSW&amp;VERSION=2.0.2&amp;REQUEST=GetRecordById&amp;outputSchema=http://www.isotc211.org/2005/gmd&amp;ElementSetName=full&amp;ID=af7aeed6-cd6c-4456-92ff-d1026c60a27e"/>
        </MetadataURL>
        <Style>
          <Name>e_paisaje - Punto</Name>
          <Title>E.Paisaje - Punto</Title>
          <LegendURL width="120" height="40">
            <Format>image/png</Format>
            <OnlineResource xmlns:xlink="http://www.w3.org/1999/xlink" xlink:type="simple" xlink:href="https://wms.mapa.gob.es/sigpac/ows?service=WMS&amp;request=GetLegendGraphic&amp;format=image%2Fpng&amp;width=20&amp;height=20&amp;layer=AU.Sigpac%3Ae_paisaje_punto"/>
          </LegendURL>
        </Style>
        <MinScaleDenominator>100.0</MinScaleDenominator>
        <MaxScaleDenominator>15000.0</MaxScaleDenominator>
      </Layer>
      <Layer queryable="1" opaque="0">
        <Name>AU.Sigpac:linea_declaracion</Name>
        <Title>Línea Declaración 2023</Title>
        <Abstract>Información declarativa gráfica campaña  2023</Abstract>
        <KeywordList>
          <Keyword>features</Keyword>
          <Keyword>wms_declaracion</Keyword>
        </KeywordList>
        <CRS>EPSG:4258</CRS>
        <CRS>CRS:84</CRS>
        <EX_GeographicBoundingBox>
          <westBoundLongitude>-9.35373020172119</westBoundLongitude>
          <eastBoundLongitude>4.36433506011963</eastBoundLongitude>
          <southBoundLatitude>36.00796</southBoundLatitude>
          <northBoundLatitude>43.8127136230469</northBoundLatitude>
        </EX_GeographicBoundingBox>
        <BoundingBox CRS="CRS:84" minx="-9.35373020172119" miny="36.00796" maxx="4.36433506011963" maxy="43.8127136230469"/>
        <BoundingBox CRS="EPSG:4258" minx="36.00796" miny="-9.35373020172119" maxx="43.8127136230469" maxy="4.36433506011963"/>
        <AuthorityURL name="MAPA">
          <OnlineResource xlink:type="simple" xlink:href="http://www.mapama.gob.es"/>
        </AuthorityURL>
        <Identifier authority="MAPA">ESFEGADECLARACIONESSIGPAC20201001001</Identifier>
        <MetadataURL type="19139">
          <Format>text/plain</Format>
          <OnlineResource xlink:type="simple" xlink:href="http://www.mapama.es/ide/metadatos/srv/spa/csw?SERVICE=CSW&amp;VERSION=2.0.2&amp;REQUEST=GetRecordById&amp;outputSchema=http://www.isotc211.org/2005/gmd&amp;ElementSetName=full&amp;ID=87ce5171-d713-4eec-a1f3-2b9dd94cad91"/>
        </MetadataURL>
        <Style>
          <Name>Declaracion</Name>
          <Title>Linea Declaracion</Title>
          <LegendURL width="125" height="20">
            <Format>image/png</Format>
            <OnlineResource xmlns:xlink="http://www.w3.org/1999/xlink" xlink:type="simple" xlink:href="https://wms.mapa.gob.es/sigpac/ows?service=WMS&amp;request=GetLegendGraphic&amp;format=image%2Fpng&amp;width=20&amp;height=20&amp;layer=AU.Sigpac%3Alinea_declaracion"/>
          </LegendURL>
        </Style>
        <MinScaleDenominator>100.0</MinScaleDenominator>
        <MaxScaleDenominator>12000.0</MaxScaleDenominator>
      </Layer>
      <Layer queryable="1" opaque="0">
        <Name>AU.Sigpac:recinto</Name>
        <Title>recinto</Title>
        <Abstract>Recintos sigpac</Abstract>
        <KeywordList>
          <Keyword>features</Keyword>
          <Keyword>wms_recinto</Keyword>
        </KeywordList>
        <CRS>EPSG:4258</CRS>
        <CRS>CRS:84</CRS>
        <EX_GeographicBoundingBox>
          <westBoundLongitude>-9.35373020172119</westBoundLongitude>
          <eastBoundLongitude>4.36433506011963</eastBoundLongitude>
          <southBoundLatitude>36.00796</southBoundLatitude>
          <northBoundLatitude>43.8127136230469</northBoundLatitude>
        </EX_GeographicBoundingBox>
        <BoundingBox CRS="CRS:84" minx="-9.35373020172119" miny="36.00796" maxx="4.36433506011963" maxy="43.8127136230469"/>
        <BoundingBox CRS="EPSG:4258" minx="36.00796" miny="-9.35373020172119" maxx="43.8127136230469" maxy="4.36433506011963"/>
        <AuthorityURL name="MAPA">
          <OnlineResource xlink:type="simple" xlink:href="http://www.mapama.gob.es"/>
        </AuthorityURL>
        <Identifier authority="MAPA">ESFEGARECINTOSSIGPAC20050101001</Identifier>
        <MetadataURL type="19139">
          <Format>text/plain</Format>
          <OnlineResource xlink:type="simple" xlink:href="http://www.mapama.es/ide/metadatos/srv/spa/csw?SERVICE=CSW&amp;VERSION=2.0.2&amp;REQUEST=GetRecordById&amp;outputSchema=http://www.isotc211.org/2005/gmd&amp;ElementSetName=full&amp;ID=52f538b0-95b6-439b-af1d-816763877366"/>
        </MetadataURL>
        <Style>
          <Name>recinto</Name>
          <Title>Recintos SigPac</Title>
          <LegendURL width="116" height="40">
            <Format>image/png</Format>
            <OnlineResource xmlns:xlink="http://www.w3.org/1999/xlink" xlink:type="simple" xlink:href="https://wms.mapa.gob.es/sigpac/ows?service=WMS&amp;request=GetLegendGraphic&amp;format=image%2Fpng&amp;width=20&amp;height=20&amp;layer=AU.Sigpac%3Arecinto"/>
          </LegendURL>
        </Style>
        <MinScaleDenominator>100.0</MinScaleDenominator>
        <MaxScaleDenominator>12000.0</MaxScaleDenominator>
      </Layer>
    </Layer>
  </Capability>
</WMS_Capabilities>
