<?xml version="1.0" encoding="UTF-8" standalone="yes"?>
<customMultiLayerMapSource>
	<name>ArcGIS Google</name>
	<tileType>jpg png</tileType>
	<backgroundColor>#000000</backgroundColor>
	<layersAlpha>1.0 0.7</layersAlpha>
<layers>
	<customMapSource>
		<name>ARCGIS World Imagery</name>
		<minZoom>0</minZoom>
		<maxZoom>19</maxZoom>
		<tileType>jpg</tileType>
		<url>https://server.arcgisonline.com/ArcGIS/rest/services/World_Imagery/MapServer/tile/{$z}/{$y}/{$x}.jpg</url>
		<tileUpdate>false</tileUpdate>
		<backgroundColor>#000000</backgroundColor>
		<ignoreErrors>false</ignoreErrors>
	</customMapSource>
	<customMapSource>
		<name>Google-hybrid-256</name>

		<minZoom>0</minZoom>

		<maxZoom>19</maxZoom>

		<tileType>png</tileType>

		<tileUpdate>LastModified</tileUpdate>

		<url>http://mt{$serverpart}.google.com/vt/lyrs=h&amp;x={$x}&amp;y={$y}&amp;z={$z}&amp;scale=1</url>

		<serverParts>0 1 2 3</serverParts>

	</customMapSource>
</layers>
</customMultiLayerMapSource>