<?xml version="1.0" encoding="UTF-8"?>
<WMS_Capabilities xmlns:srv="http://schemas.opengis.net/iso/19139/20060504/srv/srv.xsd" xmlns:gmd="http://schemas.opengis.net/iso/19139/20060504/gmd/gmd.xsd" xmlns:gco="http://schemas.opengis.net/iso/19139/20060504/gco/gco.xsd" xmlns:inspire_vs="http://inspire.ec.europa.eu/schemas/inspire_vs/1.0" xmlns:gml="http://schemas.opengis.net/gml" xmlns:inspire_common="http://inspire.ec.europa.eu/schemas/common/1.0" version="1.3.0" updateSequence="3203" xmlns="http://www.opengis.net/wms" xmlns:xlink="http://www.w3.org/1999/xlink" xmlns:xsi="http://www.w3.org/2001/XMLSchema-instance" xsi:schemaLocation="http://www.opengis.net/wms http://inspire.ec.europa.eu/schemas/inspire_vs/1.0">
  <Service>
    <Name>WMS</Name>
    <Title>Direcciones y códigos postales de España</Title>
    <Abstract>Denominación de las direcciones procedente de Cartociudad a partir de datos oficiales de La Red de Transporte de la Información Geográfica de Referencia del SCNE, de su red viaria, aporta las vías interurbanas (red de carreteras, caminos, sendas) con sus puntos kilométricos y las vías urbanas con los portales ubicados a borde de parcela. La red de cobertura nacional fue generada por el IGN a partir los datos de esta temática existentes en sus productos y su contraste con terceras fuentes, y tras la incorporación de la producción de datos realizada por el Instituto Cartográfico de Valencia (ICV) en el ámbito de la Comunidad Valenciana. La actualización de la cobertura nacional de la red se realiza a partir de fuentes de datos procedentes de la Administración General del Estado y de las Comunidades Autónomas, y, en particular, por la integración de la actualización realizada el ICV en la C. Valenciana y por el Eusko Jaurlaritza - Gobierno Vasco en el País Vasco. También se ha partido de los datos oficiales del Grupo Correos, del Instituto Nacional de Estadística y del Instituto Geográfico Nacional, en concreto, de Poblaciones de la Información Geográfica de Referencia. Las denominaciones son conforme con la Directiva Inspire 2007/2/EC así como su estilo. Además, tienen asociado un estilo de visualización definido por el IGN. Servicio de visualización WMS 1.3.0 conforme al perfil Inspire de ISO 19128:2005.</Abstract>
    <KeywordList>
      <Keyword vocabulary="ISO 19119 geographic services taxonomy, version 2.3">infoMapAccessService</Keyword>
	  <Keyword vocabulary="GEMET - INSPIRE themes, version 1.0">Direcciones</Keyword>
	  <Keyword>Infraestructura de Datos Espaciales</Keyword>
	  <Keyword>IDEE</Keyword>
	  <Keyword>Portales</Keyword>
	  <Keyword>Puntos kilométricos</Keyword>
	  <Keyword>Cartociudad</Keyword>
	  <Keyword>Sistema Cartográfico Nacional</Keyword>
	  <Keyword>SCNE</Keyword>
    </KeywordList>
    <OnlineResource xlink:type="simple" xlink:href="https://www.ign.es"/>
    <ContactInformation>
      <ContactPersonPrimary>
        <ContactPerson/>
        <ContactOrganization>Infraestructura de Datos Espaciales de España</ContactOrganization>
      </ContactPersonPrimary>
      <ContactPosition>Punto de contacto</ContactPosition>
      <ContactAddress>
        <AddressType>Postal</AddressType>
        <Address>C/ General Ibáñez de Ibero, 3</Address>
        <City>Madrid</City>
        <StateOrProvince>Madrid</StateOrProvince>
        <PostCode>28003</PostCode>
        <Country>España</Country>
      </ContactAddress>
      <ContactVoiceTelephone>+34 91 597 96 46</ContactVoiceTelephone>
      <ContactFacsimileTelephone>+34 91 597 97 64</ContactFacsimileTelephone>
      <ContactElectronicMailAddress>ign@fomento.es</ContactElectronicMailAddress>
    </ContactInformation>
    <Fees>No se aplican condiciones</Fees>
    <AccessConstraints>CC BY 4.0 scne.es</AccessConstraints>
	<MaxWidth>4096</MaxWidth>
	<MaxHeight>4096</MaxHeight>
  </Service>
  <Capability>
    <Request>
      <GetCapabilities>
        <Format>text/xml</Format>
        <DCPType>
          <HTTP>
            <Get>
              <OnlineResource xlink:type="simple" xlink:href="https://www.cartociudad.es/wms-inspire/direcciones-ccpp?SERVICE=WMS&amp;"/>
            </Get>
            <Post>
              <OnlineResource xlink:type="simple" xlink:href="https://www.cartociudad.es/wms-inspire/direcciones-ccpp?SERVICE=WMS&amp;"/>
            </Post>
          </HTTP>
        </DCPType>
      </GetCapabilities>
      <GetMap>
        <Format>image/png</Format>
        <Format>application/pdf</Format>
        <Format>image/geotiff</Format>
        <Format>image/geotiff8</Format>
        <Format>image/gif</Format>
        <Format>image/jpeg</Format>
        <Format>image/png; mode=8bit</Format>
        <Format>image/svg+xml</Format>
        <Format>image/tiff</Format>
        <Format>image/tiff8</Format>
        <DCPType>
          <HTTP>
            <Get>
              <OnlineResource xlink:type="simple" xlink:href="https://www.cartociudad.es/wms-inspire/direcciones-ccpp?SERVICE=WMS&amp;"/>
            </Get>
          </HTTP>
        </DCPType>
      </GetMap>
      <GetFeatureInfo>
		<Format>text/plain</Format>
	    <Format>application/vnd.ogc.gml</Format>
	    <Format>text/xml</Format>
	    <Format>application/vnd.ogc.gml/3.1.1</Format>
	    <Format>text/xml; subtype=gml/3.1.1</Format>
	    <Format>text/html</Format>
	    <Format>application/json</Format>
        <DCPType>
          <HTTP>
            <Get>
              <OnlineResource xlink:type="simple" xlink:href="https://www.cartociudad.es/wms-inspire/direcciones-ccpp?SERVICE=WMS&amp;"/>
            </Get>
          </HTTP>
        </DCPType>
      </GetFeatureInfo>
    </Request>
    <Exception>
      <Format>XML</Format>
    </Exception>
    <inspire_vs:ExtendedCapabilities>
      <inspire_common:MetadataUrl xsi:type="inspire_common:resourceLocatorType">
        <inspire_common:URL>https://www.ign.es/csw-inspire/srv/spa/csw?SERVICE=CSW&amp;VERSION=2.0.2&amp;REQUEST=GetRecordById&amp;outputSchema=http://www.isotc211.org/2005/gmd&amp;ElementSetName=full&amp;ID=spaignwms_addresses_ccpp</inspire_common:URL>
        <inspire_common:MediaType>application/vnd.ogc.csw.GetRecordByIdResponse_xml</inspire_common:MediaType>
      </inspire_common:MetadataUrl>
      <inspire_common:SupportedLanguages xsi:type="inspire_common:supportedLanguagesType">
        <inspire_common:DefaultLanguage>
          <inspire_common:Language>spa</inspire_common:Language>
        </inspire_common:DefaultLanguage>
      </inspire_common:SupportedLanguages>
      <inspire_common:ResponseLanguage>
        <inspire_common:Language>spa</inspire_common:Language>
      </inspire_common:ResponseLanguage>
    </inspire_vs:ExtendedCapabilities>
    <Layer>
      <Title>Direcciones y códigos postales</Title>
      <Abstract>Localización de las propiedades, basada en identificadores de direcciones, por ejemplo, el nombre de la vía pública, el número de la finca, el código postal.</Abstract>
      <!--Limited list of EPSG projections:-->
      <CRS>EPSG:25828</CRS>
      <CRS>EPSG:25829</CRS>
      <CRS>EPSG:25830</CRS>
      <CRS>EPSG:25831</CRS>
      <CRS>EPSG:32628</CRS>
      <CRS>EPSG:32629</CRS>
      <CRS>EPSG:32630</CRS>
      <CRS>EPSG:32631</CRS>
      <CRS>EPSG:3857</CRS>
      <CRS>EPSG:4258</CRS>
      <CRS>EPSG:4326</CRS>
      <CRS>CRS:84</CRS>
      <CRS>EPSG:3035</CRS>
     <EX_GeographicBoundingBox>
			<westBoundLongitude>-19.0</westBoundLongitude>
			<eastBoundLongitude>5.0</eastBoundLongitude>
			<southBoundLatitude>27.0</southBoundLatitude>
			<northBoundLatitude>44.0</northBoundLatitude>
		</EX_GeographicBoundingBox>
		<BoundingBox CRS="CRS:84" minx="-19.0" miny="26.99999999923616" maxx="5.0" maxy="43.99999999905729"/>
		<BoundingBox CRS="EPSG:4258" minx="27.0" miny="-19.0" maxx="44.0" maxy="5.0"/>
		<BoundingBox CRS="EPSG:4326" minx="27.000000021351063" miny="-19.000000000000007" maxx="44.000000040852704" maxy="5.0"/>
		<BoundingBox CRS="EPSG:4230" minx="27.0" miny="-19.0" maxx="44.001090913047165" maxy="5.0"/>
		<BoundingBox CRS="EPSG:25828" minx="102948.3712066114" miny="2986435.2424698113" maxx="2508202.7078731647" maxy="5070480.910834041"/>
		<BoundingBox CRS="EPSG:25829" minx="-495135.75545797264" miny="2988008.1382796224" maxx="1897204.2192799984" maxy="4968139.496861154"/>
		<BoundingBox CRS="EPSG:25830" minx="-1099673.713805158" miny="2986435.2424698113" maxx="1295248.9457888722" maxy="4998012.35979611"/>
		<BoundingBox CRS="EPSG:25831" minx="-1714549.1480732663" miny="2988008.1382796224" maxx="698454.2342175536" maxy="5113259.329733409"/>
		<BoundingBox CRS="EPSG:32628" minx="102948.37128314428" miny="2986435.244922726" maxx="2508202.7074604286" maxy="5070480.915489917"/>
		<BoundingBox CRS="EPSG:32629" minx="-495135.75526346336" miny="2988008.140733385" maxx="1897204.2190024962" maxy="4968139.50151943"/>
		<BoundingBox CRS="EPSG:32630" minx="-1099673.713484239" miny="2986435.244922726" maxx="1295248.94563436" maxy="4998012.364454182"/>
		<BoundingBox CRS="EPSG:32631" minx="-1714549.1476116255" miny="2988008.140733385" maxx="698454.2341793771" maxy="5113259.334386855"/>
		<BoundingBox CRS="EPSG:3857" minx="-2115070.3250721986" miny="3123471.7517721104" maxx="556597.4539663679" maxy="5465442.189644802"/>
		 <BoundingBox CRS="EPSG:3035" minx="471468.5017937361" miny="1445891.6963879904" maxx="2768821.4534321986" maxy="3919390.1873301356"/>
	  <Layer queryable="1">
		<Name>AD.Address</Name>
		<Title>Direcciones</Title>
		<Abstract>Identificación de la localización fija de una propiedad por medio de una composición estructurada de nombres geográficos e identificadores. Reglamento (UE)Nº 1089/2010.</Abstract>
		<KeywordList>
			<Keyword>Portales</Keyword>
			<Keyword>Puntos kilométricos</Keyword>
			<Keyword>Direcciones</Keyword>
			<Keyword>Cartociudad</Keyword>
		</KeywordList>
		<CRS>EPSG:25828</CRS>
		<CRS>EPSG:25829</CRS>
		<CRS>EPSG:25830</CRS>
		<CRS>EPSG:25831</CRS>
		<CRS>EPSG:32628</CRS>
		<CRS>EPSG:32629</CRS>
		<CRS>EPSG:32630</CRS>
		<CRS>EPSG:32631</CRS>
		<CRS>EPSG:3857</CRS>
		<CRS>EPSG:4230</CRS>
		<CRS>EPSG:4258</CRS>
		<CRS>EPSG:4326</CRS>
		<CRS>EPSG:3035</CRS>
		<CRS>CRS:84</CRS>
	<EX_GeographicBoundingBox>
			<westBoundLongitude>-19.0</westBoundLongitude>
			<eastBoundLongitude>5.0</eastBoundLongitude>
			<southBoundLatitude>27.0</southBoundLatitude>
			<northBoundLatitude>44.0</northBoundLatitude>
		</EX_GeographicBoundingBox>
		<BoundingBox CRS="CRS:84" minx="-19.0" miny="26.99999999923616" maxx="5.0" maxy="43.99999999905729"/>
		<BoundingBox CRS="EPSG:4258" minx="27.0" miny="-19.0" maxx="44.0" maxy="5.0"/>
		<BoundingBox CRS="EPSG:4326" minx="27.000000021351063" miny="-19.000000000000007" maxx="44.000000040852704" maxy="5.0"/>
		<BoundingBox CRS="EPSG:4230" minx="27.0" miny="-19.0" maxx="44.001090913047165" maxy="5.0"/>
		<BoundingBox CRS="EPSG:25828" minx="102948.3712066114" miny="2986435.2424698113" maxx="2508202.7078731647" maxy="5070480.910834041"/>
		<BoundingBox CRS="EPSG:25829" minx="-495135.75545797264" miny="2988008.1382796224" maxx="1897204.2192799984" maxy="4968139.496861154"/>
		<BoundingBox CRS="EPSG:25830" minx="-1099673.713805158" miny="2986435.2424698113" maxx="1295248.9457888722" maxy="4998012.35979611"/>
		<BoundingBox CRS="EPSG:25831" minx="-1714549.1480732663" miny="2988008.1382796224" maxx="698454.2342175536" maxy="5113259.329733409"/>
		<BoundingBox CRS="EPSG:32628" minx="102948.37128314428" miny="2986435.244922726" maxx="2508202.7074604286" maxy="5070480.915489917"/>
		<BoundingBox CRS="EPSG:32629" minx="-495135.75526346336" miny="2988008.140733385" maxx="1897204.2190024962" maxy="4968139.50151943"/>
		<BoundingBox CRS="EPSG:32630" minx="-1099673.713484239" miny="2986435.244922726" maxx="1295248.94563436" maxy="4998012.364454182"/>
		<BoundingBox CRS="EPSG:32631" minx="-1714549.1476116255" miny="2988008.140733385" maxx="698454.2341793771" maxy="5113259.334386855"/>
		<BoundingBox CRS="EPSG:3857" minx="-2115070.3250721986" miny="3123471.7517721104" maxx="556597.4539663679" maxy="5465442.189644802"/>
		 <BoundingBox CRS="EPSG:3035" minx="471468.5017937361" miny="1445891.6963879904" maxx="2768821.4534321986" maxy="3919390.1873301356"/>
	<Attribution>
          <Title>Cartociudad</Title>
          <OnlineResource xmlns:xlink="http://www.w3.org/1999/xlink" xlink:type="simple" xlink:href="http://www.cartociudad.es"/>
    </Attribution>
    <AuthorityURL name="Cartociudad">
          <OnlineResource xlink:type="simple" xlink:href="http://www.cartociudad.es"/>
    </AuthorityURL>
	<Identifier authority="Cartociudad">AD_Address</Identifier>
	<MetadataURL type="ISO19115:2003">
            <Format>text/plain</Format>
            <OnlineResource xlink:type="simple" xlink:href="https://www.ign.es/csw-inspire/srv/spa/csw?SERVICE=CSW&amp;VERSION=2.0.2&amp;REQUEST=GetRecordById&amp;outputSchema=http://www.isotc211.org/2005/gmd&amp;ElementSetName=full&amp;ID=spaign_cartociudad_addresses"/>
    </MetadataURL>
	<Style>
		<Name>portalpk</Name>
		<Title>Estilo Portales y Pk</Title>
		<Abstract>Gráfico circular gris claro (#959191) de tamaño 1.5 para portales y gris (#666565) tamaño 2 para pk. Etiquetas de portales en Lucida Sans con tamaño 8 en escalas 1:3000-1:5000; a  escalas mayores a 1:3000, tamaño 9. Las de pk, con Arial, tamaño 9.</Abstract>
		<LegendURL width="193" height="55">
			<Format>image/png</Format>
			<OnlineResource xlink:type="simple" xlink:href="https://www.cartociudad.es/wms-inspire/direcciones-ccpp/leyendas/portalpk.png"/>
		</LegendURL>
	</Style>
	<Style>
		<Name>AD.Address.Default</Name>
		<Title>Estilo por defecto de Direcciones</Title>
		<Abstract>Cuadrado de 6 píxeles con borde negro (#000000) y relleno blanco (#FFFFFF) si la dirección representa una oficina postal, un servicio, un acceso desde una vía o un portal; con un relleno gris al 75% (#C0C0C0) si la dirección representa un edificio o una parcela; gris al 50% (#808080) si la dirección representa un segmento de una vía; y gris al 25% (#404040) en otros casos.</Abstract>
		<LegendURL width="20" height="20">
			<Format>image/png</Format>
			<OnlineResource xlink:type="simple" xlink:href="https://www.cartociudad.es/wms-inspire/direcciones-ccpp/leyendas/AD.Address.Default.png"/>
		</LegendURL>
	</Style>
	<MaxScaleDenominator>8000</MaxScaleDenominator>
	</Layer> 
	  <Layer queryable="1">
		<Name>codigo-postal</Name>
		<Title>Códigos postales</Title>
		<Abstract>Representación de los códigos postales de España del proyecto Cartociudad generados y actualizados con la colaboración del Grupo Correos. Los poligonos de códigos Postales se visualizan a partir de una escala de 1:50.000.</Abstract>
		<KeywordList>
			<Keyword>Código Postal</Keyword>
			<Keyword>Correos</Keyword>
			<Keyword>Cartociudad</Keyword>
		</KeywordList>
		<CRS>EPSG:25828</CRS>
		<CRS>EPSG:25829</CRS>
		<CRS>EPSG:25830</CRS>
		<CRS>EPSG:25831</CRS>
		<CRS>EPSG:32628</CRS>
		<CRS>EPSG:32629</CRS>
		<CRS>EPSG:32630</CRS>
		<CRS>EPSG:32631</CRS>
		<CRS>EPSG:3857</CRS>
		<CRS>EPSG:4230</CRS>
		<CRS>EPSG:4258</CRS>
		<CRS>EPSG:4326</CRS>
		<CRS>EPSG:3035</CRS>
		<CRS>CRS:84</CRS>
		<EX_GeographicBoundingBox>
			<westBoundLongitude>-19.0</westBoundLongitude>
			<eastBoundLongitude>5.0</eastBoundLongitude>
			<southBoundLatitude>27.0</southBoundLatitude>
			<northBoundLatitude>44.0</northBoundLatitude>
		</EX_GeographicBoundingBox>
		<BoundingBox CRS="CRS:84" minx="-19.0" miny="26.99999999923616" maxx="5.0" maxy="43.99999999905729"/>
		<BoundingBox CRS="EPSG:4258" minx="27.0" miny="-19.0" maxx="44.0" maxy="5.0"/>
		<BoundingBox CRS="EPSG:4326" minx="27.000000021351063" miny="-19.000000000000007" maxx="44.000000040852704" maxy="5.0"/>
		<BoundingBox CRS="EPSG:4230" minx="27.0" miny="-19.0" maxx="44.001090913047165" maxy="5.0"/>
		<BoundingBox CRS="EPSG:25828" minx="102948.3712066114" miny="2986435.2424698113" maxx="2508202.7078731647" maxy="5070480.910834041"/>
		<BoundingBox CRS="EPSG:25829" minx="-495135.75545797264" miny="2988008.1382796224" maxx="1897204.2192799984" maxy="4968139.496861154"/>
		<BoundingBox CRS="EPSG:25830" minx="-1099673.713805158" miny="2986435.2424698113" maxx="1295248.9457888722" maxy="4998012.35979611"/>
		<BoundingBox CRS="EPSG:25831" minx="-1714549.1480732663" miny="2988008.1382796224" maxx="698454.2342175536" maxy="5113259.329733409"/>
		<BoundingBox CRS="EPSG:32628" minx="102948.37128314428" miny="2986435.244922726" maxx="2508202.7074604286" maxy="5070480.915489917"/>
		<BoundingBox CRS="EPSG:32629" minx="-495135.75526346336" miny="2988008.140733385" maxx="1897204.2190024962" maxy="4968139.50151943"/>
		<BoundingBox CRS="EPSG:32630" minx="-1099673.713484239" miny="2986435.244922726" maxx="1295248.94563436" maxy="4998012.364454182"/>
		<BoundingBox CRS="EPSG:32631" minx="-1714549.1476116255" miny="2988008.140733385" maxx="698454.2341793771" maxy="5113259.334386855"/>
		<BoundingBox CRS="EPSG:3857" minx="-2115070.3250721986" miny="3123471.7517721104" maxx="556597.4539663679" maxy="5465442.189644802"/>
		 <BoundingBox CRS="EPSG:3035" minx="471468.5017937361" miny="1445891.6963879904" maxx="2768821.4534321986" maxy="3919390.1873301356"/>
		<Attribution>
			<Title>Grupo Correos</Title>
		<OnlineResource xmlns:xlink="http://www.w3.org/1999/xlink" xlink:type="simple" xlink:href="http://www.correos.es"/>
		</Attribution>
		<AuthorityURL name="GrupoCorreos">
		<OnlineResource xlink:type="simple" xlink:href="http://www.correos.es"/>
		</AuthorityURL>
		<Identifier authority="GrupoCorreos">codigo_postal</Identifier>
		<MetadataURL type="ISO19115:2003">
            <Format>text/plain</Format>
            <OnlineResource xlink:type="simple" xlink:href="https://www.ign.es/csw-inspire/srv/spa/csw?SERVICE=CSW&amp;VERSION=2.0.2&amp;REQUEST=GetRecordById&amp;outputSchema=http://www.isotc211.org/2005/gmd&amp;ElementSetName=full&amp;ID=spaign_cartociudad_addresses"/>
        </MetadataURL>
		<Style>
			<Name>codigopostal</Name>
			<Title>Código Postal</Title>
			<Abstract>Estilo de representación de los códigos postales</Abstract>
			<LegendURL width="20" height="20">
			<Format>image/png</Format>
			<OnlineResource xlink:type="simple" xlink:href="https://www.cartociudad.es/wms-inspire/direcciones-ccpp/leyendas/CodigoPostal.png"/>
			</LegendURL>
		</Style>
		<MaxScaleDenominator>500000</MaxScaleDenominator>
	</Layer> 
    </Layer>
  </Capability>
</WMS_Capabilities>